good	Bigram(@_luck)	988.714431040062	9850.52290133528
happy	Bigram(@_birthday)	192.288141042875	7691.55290928088
better	-Bigram(feel_@)	0	7119.68585643851
ready	-Bigram(getting_@)	2963.23071069985	5182.85801261968
fun	-Bigram(have_@)	532.100522569846	5136.08481942647
sweet	Bigram(@_dreams)	54.3514800264495	4504.81721730007
great	Bigram(@_weekend)	209.937276995214	3204.53337686024
fun	-Bigram(having_@)	0	2896.454888508555
better	-Bigram(feeling_@)	0	2827.7943355154634
bless	-Bigram(god_@)	73.7284390472984	2581.23506954272
good	Bigram(@_times)	206.982412351131	2306.81131605879
good	-Bigram(sounds_@)	215.46630539264	2258.27595341998
free	-Bigram(feel_@)	0	1782.1603384554492
well	-Bigram(went_@)	173.68211396532	1692.13329976492
happy	Bigram(@_mothers)	62.425688950787	1670.52809870286
love	-Bigram('d_@)	810.454384591039	1531.3828464892
♥	Bigram(@_♥)	109.872740701413	1507.434003747
♥	-Bigram(♥_@)	108.183537903596	1486.733439547
thank	Bigram(@_god)	921.914271269101	1483.12711091849
love	-Bigram(gotta_@)	35.0744038832601	1482.64189597009
well	-Bigram(goes_@)	160.192237508051	1428.69871229328
safe	Bigram(@_trip)	73.5234459588751	1301.33477908602
good	Bigram(@_news)	472.312813413511	1205.14940913332
swift	-Bigram(taylor_@)	430.252121591536	1203.66408024428
good	Bigram(@_mood)	366.920122604664	1164.4045049752
good	Bigram(@_idea)	901.070442295059	1161.95861894204
free	-Bigram(feel_@)	13.5430433720157	1155.42101506865
woo	Bigram(@_hoo)	46.4130588114755	1102.85107530232
happy	Bigram(@_mother)	18.6715799562267	1097.91356389481
best	Bigram(@_friends)	905.135871762582	1059.4159594981
nice	-Bigram(very_@)	23.2966514038252	1051.32410430778
safe	Bigram(@_flight)	75.3774626104512	1035.88038119683
good	Bigram(@_job)	64.7902217280303	1018.54837704534
good	-Bigram(feels_@)	38.7076518425341	1014.21308546687
great	Bigram(@_job)	10.9123775972889	1010.60782285681
amazing	-Bigram(most_@)	100.611690619077	1001.83471926528
boom	Bigram(@_boom)	80.6591000041925	992.071687093065
boom	-Bigram(boom_@)	80.2096603049057	988.15189422523
well	-Bigram(sleep_@)	9.32706064471456	960.806515073536
super	Bigram(@_excited)	48.3685824720665	955.258980697451
excited	-Bigram(super_@)	48.2363706036892	950.909577465232
bless	-Bigram(god_@)	123.673566195257	939.617128579284
happy	Bigram(@_bday)	68.1603142466301	922.944132039735
good	Bigram(@_weekend)	51.2026134952941	896.051376659048
free	Bigram(@_shareholder)	0	886.6739570708411
woo	Bigram(@_hoo!)	39.9842416764169	849.642063462371
welcome	-Bigram(most_@)	0.110370973262159	844.657947109603
good	-Bigram(feel_@)	0	773.7948237493499
good	Bigram(@_evening)	14.4611419980234	754.711972833307
great	Bigram(@_idea)	72.7406374884913	747.551954315465
awards	-Bigram(mtv_@)	254.411430740054	740.899707569787
thank	-Bigram(why_@)	0.317484746942079	708.902921829851
good	-Bigram(sounds_@)	17.237794878974	699.389033363712
good	-Bigram(looks_@)	112.469531849951	696.012243404109
appreciated	-Bigram(much_@)	0.145780477233983	690.8614858666
good	Bigram(@_afternoon)	22.5514109423078	688.719745223787
cool	-Bigram(very_@)	9.67132261457313	681.308014505707
thank	-Bigram(why_@)	0	662.6513104289455
best	Bigram(@_part)	74.7343883254075	654.819036137433
bright	Bigram(@_side)	637.610304042526	643.369391553494
cute	-Bigram(sooo_@)	35.4350281353924	625.524167268756
great	-Bigram(looks_@)	57.6631122012525	621.431701362152
great	Bigram(@_week)	13.6264452165078	612.961806237115
excited	-Bigram(sooo_@)	9.24837680652524	610.485158614109
important	-Bigram(most_@)	72.0897548995225	601.100969042415
fair	Bigram(@_enough)	56.4046298314664	598.673197590549
enough	-Bigram(fair_@)	56.3564975843893	598.247600245337
enough	-Bigram(long_@)	0	592.7460461110765
thank	Bigram(@_God)	140.136676138621	591.564631855443
awards	-Bigram(MTV_@)	280.2148387498	588.406477712429
good	-Bigram(thats_@)	52.604001312399	583.015835437643
love	-Bigram(We_@)	20.7251328171386	578.092555692519
fun	-Bigram(Had_@)	94.3983301147164	577.363599419457
thank	Bigram(@_goodness)	325.976190662896	574.744158269324
goodness	-Bigram(thank_@)	325.51447554879	573.822324586564
cashback	-Bigram(�25_@)	0	573.5881084622589
great	-Bigram(sounds_@)	26.1809277350996	571.699618934388
super	Bigram(@_cute)	32.9661143497078	564.601367354149
cute	-Bigram(super_@)	32.9190698032426	563.598480362002
hero	-Bigram(guitar_@)	516.560825843937	557.460625877231
beautiful	-Bigram(most_@)	47.492007688706	557.284463114272
hot	Bigram(@_chocolate)	150.184092490271	556.750583453184
pretty	Bigram(@_damn)	0	556.4918878995796
work	-Bigram(hard_@)	135.438096099232	556.122989895147
ready	-Bigram(gettin_@)	483.048317795715	554.092851090457
fresh	Bigram(@_air)	102.738908742846	548.423700667451
good	-Bigram(says_@)	5.83189824705549	548.234086558422
won	-Bigram(diversity_@)	19.4887678506296	543.576389903935
goodness	-Bigram(Thank_@)	221.974969214072	542.48801044687
cute	-Bigram(soo_@)	38.3122882287355	538.092370730422
recommend	-Bigram(highly_@)	12.8665356503284	537.736749894495
love	-Bigram(Would_@)	397.123134314976	516.778713647268
good	-Bigram(damn_@)	0	515.1801261132482
awesome	-Bigram(thats_@)	27.9145647802937	506.534904575615
good	Bigram(@_ol)	174.585826924785	506.051914879473
good	-Bigram(feeling_@)	0	503.7347426593133
appreciated	-Bigram(greatly_@)	1.11631464054748	503.051268718873
pretty	Bigram(@_funny)	22.8171192973643	495.861666249953
well	Bigram(@_deserved)	7.17927769678526	483.383642285065
love	-Bigram(absolutely_@)	9.99254959159398	477.48102805291
exciting	-Bigram(How_@)	2.78579096521759	476.999695547708
excited	-Bigram(soo_@)	14.9774271544823	467.697955102344
better	-Bigram(lot_@)	69.4681887635237	464.109544602533
happy	-Bigram(sooo_@)	2.49235489182463	460.605583076788
great	Bigram(@_news)	8.99248127153336	456.69908259955
smiling	-Bigram(stop_@)	0.976359919485377	449.710513045726
wow	-Bigram(Oh_@)	114.259090927453	440.503209745839
awards	-Bigram(choice_@)	50.8904193341452	439.297331192079
hot	Bigram(@_tub)	204.003864602681	434.233362130691
won	-Bigram(Diversity_@)	66.7444606333869	432.991458346299
cool	-Bigram(thats_@)	37.3900819209121	427.063071177287
great	-Bigram(look_@)	9.75410119422489	425.960080627729
safe	-Bigram(Be_@)	33.3597096148082	419.618130702752
good	Bigram(@_point)	49.256015295314	418.414427316467
pleasure	-Bigram(guilty_@)	113.739603809063	418.195532201675
good	Bigram(@_choice)	3.53899126545583	415.59769019946
excited	-Bigram(SO_@)	19.7697453949221	412.271057348739
nice	Bigram(@_weekend)	21.8945610310242	403.206383681983
wonderful	Bigram(@_weekend)	35.3631898459407	401.389073685239
happy	-Bigram(soo_@)	28.1853407242764	393.912543539045
good	Bigram(@_company)	9.78749133860414	391.817990664128
fun	-Bigram(sounds_@)	92.2801320067067	390.633056033822
good	Bigram(@_food)	39.256535116452	385.237078777017
love	Bigram(@_those)	35.8623197030364	380.804824309093
best	Bigram(@_way)	52.8412181304915	380.689327946487
good	-Bigram(sooo_@)	44.7115863683213	375.518414294548
well	Bigram(@_worth)	7.79779559529752	370.644262572375
advantage	-Bigram(take_@)	0	369.1581087517186
better	-Bigram(Much_@)	10.6198716446562	368.667077595792
good	Bigram(@_nite)	39.3169578661336	367.466373019592
idol	-Bigram(american_@)	279.79502177554	367.003572538741
better	-Bigram(nothing_@)	65.3282725701633	361.936442954917
good	Bigram(@_way)	132.806494257027	360.702832584159
love	-Bigram(Much_@)	13.3029597508641	358.920288578085
fun	Bigram(@_times)	79.4053287852639	358.861297347556
boom	-Bigram(4hours_@)	0	357.0687126582388
good	-Bigram(Feels_@)	4.11433496701192	356.22103862869
worth	-Bigram(totally_@)	19.9098907620197	355.67760528107
excited	-Bigram(soooo_@)	24.665903408319	354.374708769449
loving	Bigram(@_life)	0.790795826151147	353.742183825845
awesome	-Bigram(looks_@)	86.9654181600445	350.677862297975
beautiful	Bigram(@_weather)	115.702091625243	348.231266863504
good	Bigram(@_plan)	5.85288099158085	345.105860705551
cute	-Bigram(soooo_@)	19.878912912658	344.26677097552
excited	-Bigram(Super_@)	3.84989854282293	343.299856021809
pleasantly	Bigram(@_surprised)	0.50662310320239	340.232846417189
♥	-Bigram(♥♥_@)	32.8844798380459	337.797978520512
beautiful	Bigram(@_sunny)	30.5137731455746	337.547592129409
love	-Bigram(FF_@)	1.26971945669925	335.349927166239
good	Bigram(@_music)	26.9232131965825	335.091311552299
good	Bigram(@_friends)	74.4075082150272	333.405305355508
glad	-Bigram(Im_@)	36.0216022970151	332.473332072981
amazing	-Bigram(looks_@)	69.8075535378709	329.02706527379
good	-Bigram(soooo_@)	24.792106085424	327.972335101846
enough	-Bigram(Fair_@)	2.62094697873254	325.303521911163
nice	Bigram(@_meeting)	3.37375186236737	322.319898455977
good	Bigram(@_friend)	265.23558060857	320.915334266666
best	Bigram(@_wishes)	56.7467021088801	319.739238393049
great	Bigram(@_evening)	15.2546581439758	318.413650608263
cool	-Bigram(super_@)	6.73383021855338	318.23183876059
dawn	-Bigram(breaking_@)	293.310189164745	317.863131920067
boom	Bigram(@_pow)	92.1810123906505	316.607223234378
amazing	-Bigram(absolutely_@)	20.9267921521399	312.548694401995
fun	-Bigram(Having_@)	15.3235838168044	310.191853969622
free	Bigram(@_download)	1.3366206412798	309.75543419536
thank	-Bigram(aww_@)	6.03167565833243	303.839344074422
awesome	-Bigram(sounds_@)	91.907094536345	301.477631135737
awards	-Bigram(Movie_@)	23.1303077056974	294.447423841571
cute	Bigram(@_little)	47.6833503798929	293.705638796306
safe	Bigram(@_journey)	7.68590780746291	291.581245334231
excited	-Bigram(Very_@)	12.7637514713968	291.51840770805
nice	Bigram(@_pic)	8.20650703560451	290.332040309741
great	Bigram(@_minds)	0.466389519343074	288.512129017704
pleasant	Bigram(@_surprise)	0.300356821950172	287.283642425078
welcome	-Bigram(quite_@)	0	285.7135808557854
great	Bigram(@_Sunday)	1.34400506427661	281.489827291011
good	Bigram(@_old)	108.106336526914	280.801789465468
great	Bigram(@_way)	54.8252912621668	279.97097133259
good	-Bigram(Very_@)	0.993469493817792	278.130846134037
pretty	-Bigram(looks_@)	74.4262428019397	276.745162268825
love	Bigram(@_these)	10.7727072092104	275.313019131227
awesome	-Bigram(fucking_@)	0	274.65205709634114
good	Bigram(@_vibes)	43.8781888794133	274.534758771414
good	Bigram(@_taste)	5.43796255397731	274.142872456393
good	Bigram(@_book)	47.3992799414002	273.910003904059
right	Bigram(@_away)	0	273.61716120542525
pretty	Bigram(@_darn)	20.0462154206445	272.995835199662
cool	-Bigram(soo_@)	2.97037573064365	272.374364785986
favorite	Bigram(@_songs)	4.96334782764195	270.977355260051
positive	Bigram(@_energy)	27.9961014785231	269.025413283442
beautiful	-Bigram(Another_@)	75.8305682776664	268.757842355916
happy	Bigram(@_anniversary)	0.931691177171282	267.754478388272
pretty	Bigram(@_amazing)	9.0730118165117	267.601571983842
love	Bigram(@_youu)	46.4958759552747	266.946797660602
positive	Bigram(@_vibes)	19.6462670511738	265.047335529952
great	Bigram(@_meeting)	0.219127521005845	263.385856013634
favorite	Bigram(@_part)	24.2482740294539	263.37145484423
good	Bigram(@_laugh)	3.28014812549358	262.17244087355
good	-Bigram(Pretty_@)	28.2933126951909	262.029396030111
happy	Bigram(@_b-day)	5.52155551767997	261.958633612549
nice	-Bigram(sounds_@)	29.3787127061759	260.393431396163
accomplished	-Bigram(Mission_@)	3.88019146910899	258.239706625316
appreciate	-Bigram(Really_@)	0.121893134961763	256.455587125108
lighter	Bigram(@_note)	15.4702129253672	256.285778851251
lovely	Bigram(@_evening)	9.54214102379091	252.892682420532
great	Bigram(@_friends)	6.42459131333441	251.348851329541
love	Bigram(@_summer)	7.04923427836427	249.488711601881
lovely	Bigram(@_weather)	85.8326614541891	248.742838816024
safe	Bigram(@_travels)	43.7044547935238	248.171464017771
happy	Bigram(@_sunday)	6.40058023217036	246.662662147293
favorite	Bigram(@_person)	15.3358942936289	244.599688127384
top	Bigram(@_model)	68.2805654707323	244.588653782701
fond	Bigram(@_memories)	6.5588510381428	244.070538734732
great	-Bigram(feel_@)	0	243.27016766752857
pretty	Bigram(@_sweet)	37.8672593663199	242.32281913557
won	-Bigram(Lakers_@)	81.5122327407103	242.063017086214
smiling	-Bigram(Keep_@)	1.28054558687439	239.285664027666
afford	-Bigram(could_@)	0	238.7651188505009
fun	-Bigram(super_@)	14.3253750361917	236.118743138461
smiling	-Bigram(keep_@)	0.603411034386249	235.998436833362
proud	Bigram(@_owner)	5.11539276669405	234.069192991602
awesome	-Bigram(totally_@)	14.1025569181739	233.736972065051
awesome	Bigram(@_weekend)	35.6804921787864	233.258002885542
enjoyed	-Bigram(thoroughly_@)	3.69675083193722	233.153388483934
great	-Bigram(feels_@)	1.35276218079458	232.555115661198
pretty	Bigram(@_excited)	3.44057868636844	231.810633793547
good	-Bigram(quite_@)	21.7892342668215	230.623494053374
thank	-Bigram(awww_@)	4.15344361185737	230.060509834868
happy	-Bigram(Very_@)	0.749522843454274	229.715465311168
lead	Bigram(@_singer)	48.3668908607801	229.598184301032
top	Bigram(@_10)	53.5301174370268	228.194375891722
hot	Bigram(@_hot)	115.415973668317	227.420834799836
hot	-Bigram(hot_@)	115.247714187605	226.931313736948
nice	Bigram(@_relaxing)	16.3579995202389	226.250088543748
love	Bigram(@_Harry)	0.018327609554245	225.423943800849
well	-Bigram(quite_@)	6.63830442799992	225.065586713801
great	Bigram(@_start)	41.6628961803178	224.962136109866
good	Bigram(@_cause)	0	224.3625295638639
cool	-Bigram(//_@)	0	222.97364432182547
gorgeous	-Bigram(look_@)	5.76476310220348	222.923792356102
well	Bigram(@_wishes)	53.9441397807268	222.19052620946
welcome	-Bigram(youre_@)	1.89063540350595	220.617488674619
love	Bigram(@_youuu)	30.1511130246691	218.736777488755
happy	Bigram(@_monday)	3.37983384743403	218.543286688507
great	-Bigram(feeling_@)	0	218.1407556189336
thank	Bigram(@_youuu)	1.83259367159162	217.734160130102
fortune	Bigram(@_cookie)	71.1216530394366	217.007891412012
favorite	Bigram(@_movies)	15.7551653152126	216.450721571066
awesome	-Bigram(freaking_@)	7.37581639413485	215.706440783973
happy	-Bigram(soooo_@)	1.7386564504238	215.166554301245
good	Bigram(@_start)	152.580275143433	214.019048363693
work	Bigram(@_till)	0	213.84656095125175
loved	-Bigram(feel_@)	0	213.62627079482957
cool	-Bigram(Pretty_@)	11.9232193377374	213.614057960834
best	Bigram(@_place)	20.3273947715149	213.418406777663
correct	Bigram(@_spelling)	3.80336071177544	211.822771896026
great	Bigram(@_weather)	31.3134420431374	210.542461533895
nice	Bigram(@_guy)	43.7256048430983	210.432870373783
sweet	-Bigram(How_@)	0.82048849920715	210.049566625159
nice	Bigram(@_cup)	6.43637630112834	209.374992829389
good	Bigram(@_deed)	11.6053524941824	207.144248249459
good	Bigram(@_mornin)	20.1528671513576	205.109487653418
hot	Bigram(@_shower)	63.947898219172	203.882835956554
better	Bigram(@_mood)	10.1143351609544	203.619715112878
nice	-Bigram(looks_@)	12.0039924781682	203.152924450587
lovely	Bigram(@_weekend)	23.4348642185079	200.679776795294
pretty	-Bigram(sounds_@)	25.3166178899655	200.338785535687
recommended	-Bigram(Highly_@)	0.841450287107719	200.288159426062
worked	-Bigram(It_@)	15.7318559341715	199.807388139594
hot	Bigram(@_dogs)	73.3165662377325	198.218012734883
praise	Bigram(@_God)	0.34049930410835	197.54137420055
cool	-Bigram(How_@)	6.88838167399241	196.903445836058
super	Bigram(@_stoked)	7.86523419839074	196.701073269697
nice	Bigram(@_surprise)	1.67477842365372	196.546819020645
well	Bigram(@_rested)	8.07839470390009	196.047889826161
good	Bigram(@_workout)	13.9443422617394	195.884306883246
amazing	Bigram(@_person)	3.46536707287975	195.77155710786
cool	-Bigram(sounds_@)	10.7994526013198	195.343197398349
free	Bigram(@_wifi)	103.383208451424	195.157480126821
better	-Bigram(MUCH_@)	12.7395969251875	194.779539537362
lovely	Bigram(@_sunny)	94.1499869818487	194.530257991713
interesting	-Bigram(Very_@)	3.5759930875575	194.480756383332
great	-Bigram(thats_@)	3.975236382329	193.851596864025
nice	Bigram(@_evening)	15.5389999799475	192.760810957921
win	-Bigram(gonna_@)	78.4891683243546	192.608149419644
nice	Bigram(@_picture)	9.65683575435961	192.400624661928
worth	-Bigram(definitely_@)	8.63974520862397	192.380577915164
enjoyed	-Bigram(Really_@)	8.48798511459622	192.177766133876
welcome	-Bigram(Ur_@)	1.07674974612774	189.287314375871
cute	-Bigram(look_@)	10.8661627769102	188.726653791491
top	-Bigram(tank_@)	57.2982159045125	187.577977548727
happy	Bigram(@_hour)	133.656293395172	185.564827883232
love	Bigram(@_waking)	11.4723933618182	184.695723418583
wonderful	Bigram(@_evening)	2.32486780305783	183.738761340141
amazing	Bigram(@_weekend)	75.5248832013155	183.606544446233
thank	Bigram(@_youu)	18.6706992381114	183.203228261863
happy	-Bigram(super_@)	6.24260208112754	183.163516979037
positive	-Bigram(stay_@)	94.1687314119462	182.590901487255
right	Bigram(@_direction)	9.47646810718381	182.011285153392
wise	Bigram(@_words)	0	181.64129533996496
adore	-Bigram(absolutely_@)	5.92287262548776	180.282948488234
good	-Bigram(SO_@)	0.934934218776137	180.035634467257
good	-Bigram(Looks_@)	5.36478841443799	178.798668337784
warm	Bigram(@_weather)	156.937596360777	178.708362796685
great	Bigram(@_mood)	28.1743007853843	178.194211816574
nice	-Bigram(super_@)	18.2721330717392	178.175711126947
awesome	Bigram(@_job)	1.26623088603292	177.849618867019
love	-Bigram(...i_@)	12.717763795863	177.682089359439
enjoy	Bigram(@_yourself)	9.44340416906066	177.666022115986
excited	-Bigram(Sooo_@)	2.9595322459321	177.223021227027
favor	-Bigram(por_@)	47.0643730446677	176.958023799592
interesting	-Bigram(sounds_@)	21.3653616023409	176.798446360788
pretty	-Bigram(look_@)	22.3796752620653	176.426357231208
gorgeous	-Bigram(absolutely_@)	31.1192421766672	175.601171615873
fun	-Bigram(Sounds_@)	7.75891549891589	175.50336855543
enough	-Bigram(close_@)	129.285969356661	175.36620486024
amazing	-Bigram(fucking_@)	0	175.35384322364257
better	-Bigram(Nothing_@)	4.15490787360761	174.624727716326
work	-Bigram(yard_@)	131.050297196891	174.089174046779
love	-Bigram(fucking_@)	0	173.7176565989299
nicely	-Bigram(along_@)	16.07590787482	173.194077076622
love	Bigram(@_Sundays)	4.11770600417434	172.44888566997
nice	Bigram(@_seeing)	2.20865043792245	172.391751549684
love	Bigram(@_reading)	4.20522590078461	172.383516333937
happy	Bigram(@_belated)	18.2650772249343	172.265274982547
works	-Bigram(It_@)	8.90520808769398	172.19975224941
work	-Bigram(Nice_@)	0.258058838226349	171.881608791941
favorite	Bigram(@_band)	42.9605639993679	171.663718644096
free	-Bigram(***_@)	0	171.57692012483946
support	Bigram(@_Electrik)	0	169.99752878487482
love	Bigram(@_em)	12.4650451218703	169.941558208946
loved	Bigram(@_Brokeback)	0	169.93331954276056
cute	-Bigram(Very_@)	0.90130863842363	169.692149212572
fun	-Bigram(havin_@)	48.4515513962287	169.64231261533
glad	Bigram(@_diversity)	12.5463742142351	169.507560634314
nice	Bigram(@_long)	12.1320721811338	169.278296841476
loves	-Bigram(She_@)	3.15209013455154	168.86740126327
excited	-Bigram(sooooo_@)	3.41983550448286	168.623639172293
great	Bigram(@_music)	4.93620075784695	167.493027934905
sweet	-Bigram(Home_@)	73.9676267140999	167.490475026216
well	-Bigram(feeling_@)	0	167.41595975794175
luck	-Bigram(...good_@)	7.03232586751491	167.197091301059
nice	-Bigram(quite_@)	16.1046739684627	166.401394196328
love	Bigram(@_Brokeback)	0	165.62687494882127
good	Bigram(@_deal)	17.3056454626536	164.957648620984
lovely	-Bigram(sounds_@)	28.5445386484392	164.626473189753
boost	-Bigram(ego_@)	0	163.44605056841843
soft	Bigram(@_spot)	13.6457998996339	163.080778534028
fans	-Bigram(FBR_@)	0	163.0600912765614
fun	Bigram(@_weekend)	37.399102970626	162.290482139373
amazing	Bigram(@_singer)	0.881393125557544	162.173474219477
good	-Bigram(soo_@)	70.9502079699635	161.882256505541
happy	Bigram(@_thoughts)	31.0731161190507	161.579938054617
fun	-Bigram(Fun_@)	12.7579155489552	160.88038406694
lovely	Bigram(@_ladies)	15.420179038566	160.216276622558
great	-Bigram(Sounds_@)	14.6083220714633	159.923344956212
pretty	Bigram(@_rad)	4.18972193711545	159.725554919602
amazing	Bigram(@_boyfriend)	0.871688692770024	159.593391644734
great	Bigram(@_seeing)	4.57236389898083	158.719410678779
amazing	Bigram(@_voice)	2.67212096926422	158.501010604732
clean	-Bigram(squeaky_@)	0.626255060692362	158.218817807141
yay	-Bigram(yay_@)	7.92628882354001	157.564715324576
enjoy	Bigram(@_reading)	0.353914075724981	157.455648239707
advantage	-Bigram(taking_@)	48.6681432099642	157.37708014231
win	-Bigram(Lakers_@)	14.3038518312323	156.89351320946
thank	-Bigram(Aww_@)	0.0678649699431955	156.455900246067
thank	Bigram(@_youuuu)	0.281011285449657	156.142374728333
fresh	Bigram(@_prince)	16.3225702901857	156.059773461234
thank	-Bigram(aw_@)	1.01394460176435	155.78824926596
good	-Bigram(Thats_@)	3.07926700204002	155.426175593355
accomplished	-Bigram(feel_@)	0	154.74240147253292
recommended	-Bigram(highly_@)	14.8764043367461	154.692515101488
positive	Bigram(@_attitude)	7.91402360051461	154.649903677724
great	Bigram(@_trip)	15.5462075482646	154.570920530515
top	Bigram(@_5)	48.2164849429197	154.339950397862
beautiful	Bigram(@_Sunday)	15.4184661099624	154.19598088796
amazing	-Bigram(look_@)	4.84330711448862	153.766852503204
popular	-Bigram(most_@)	5.66860256899644	153.564951659739
loves	-Bigram(He_@)	5.75444310499917	152.251538087741
better	-Bigram(Feeling_@)	45.9987704574301	151.379076527393
win	Bigram(@_situation)	0.153467995750814	151.356902413362
well	Bigram(@_spent)	4.88203034038818	150.489532833862
amazing	-Bigram(freaking_@)	0.0751012175566808	149.500572017945
pretty	Bigram(@_cute)	2.04399251272161	149.011961042184
right	-Bigram(thats_@)	31.3162269981792	148.86290576922
nice	Bigram(@_trip)	0.0563753760515983	148.675344417228
work	-Bigram(leave_@)	0	148.5919927056137
glad	Bigram(@_someone)	0	148.5328877092685
good	Bigram(@_weather)	79.704574883374	147.685827988963
unlimited	Bigram(@_texting)	0	147.39395851157104
love	Bigram(@_having)	3.50964229441243	146.995316719476
better	-Bigram(Even_@)	2.7701616840087	146.897049869605
good	Bigram(@_flight)	2.57721282242821	146.776622381622
hot	Bigram(@_pink)	27.2918048954545	146.655359386503
cool	-Bigram(totally_@)	0	146.6490303508921
love	Bigram(@_seeing)	0.626709736155183	146.24827431662
pretty	Bigram(@_bad)	0	146.23425910735352
beauty	Bigram(@_sleep)	38.7832275092905	145.610533670533
welcome	-Bigram(warm_@)	1.70954705538266	145.019366137797
pretty	Bigram(@_neat)	4.39284941353221	144.958592496676
cool	Bigram(@_breeze)	6.52092058404121	144.689070286251
lovely	Bigram(@_lady)	15.1517025379423	144.490145518339
recommendations	-Bigram(Self_@)	0	144.30707330672337
enjoying	Bigram(@_life)	0.583200219360139	144.017567519086
great	Bigram(@_place)	5.51538003324006	143.970519109523
love	Bigram(@_brokeback)	0	143.68510695661257
nice	Bigram(@_job)	0.825469478718277	143.522186292341
good	Bigram(@_reason)	105.76561371183	143.507268575949
perfect	Bigram(@_weather)	41.0713596704667	143.471257194949
work	-Bigram(Off_@)	25.4917021762058	142.702297814005
good	Bigram(@_advice)	16.8043461740581	142.660528535455
ready	-Bigram(almost_@)	24.0242316187895	142.568537775491
happy	-Bigram(SO_@)	11.4834016449262	142.116061079583
patiently	Bigram(@_waiting)	15.3812577964841	141.593909151427
wonderful	Bigram(@_Sunday)	1.24288126276773	141.591460358757
cool	-Bigram(Oh_@)	2.60416831440992	140.568340429774
pretty	Bigram(@_easy)	14.0589564892675	140.524312713256
smooth	Bigram(@_sailing)	7.25533434269698	140.315375281111
worked	Bigram(@_hard)	10.2353742306008	140.233889229816
glad	-Bigram(SO_@)	6.19342211951774	139.413249010689
pretty	-Bigram(feeling_@)	0	138.97245559052186
good	Bigram(@_ole)	57.6437970372807	137.847827511987
great	Bigram(@_Saturday)	0.294063051673785	137.809875086991
mighty	Bigram(@_fine)	8.97432201540901	137.731186129928
fine	-Bigram(mighty_@)	8.96097276784733	137.628358529914
fantastic	Bigram(@_weekend)	19.0570637206732	137.509173416736
pure	Bigram(@_bliss)	6.0135183179517	137.413451863243
good	-Bigram(All_@)	34.9954154154551	137.356852620124
gorgeous	Bigram(@_weather)	33.0529932172285	136.941331192261
better	-Bigram(everything_@)	17.3827962630848	136.937486301063
bliss	-Bigram(pure_@)	6.0135183179517	136.875106325137
bless	-Bigram(aww_@)	52.5579068737892	136.840656272389
sweet	Bigram(@_potato)	8.00108420887914	136.741549649288
happy	-Bigram(extremely_@)	0.434411713298541	136.263702431579
great	Bigram(@_company)	3.9796888578507	135.640664971912
won	-Bigram(Norway_@)	21.275364367808	135.596501816235
nice	-Bigram(Its_@)	2.80914004929762	135.574067514684
easier	-Bigram(lot_@)	15.8011794497635	135.353255317443
awesome	-Bigram(most_@)	35.7893235166248	135.250917481538
cute	Bigram(@_pic)	13.9720878137184	135.120300732581
gold	Bigram(@_star)	18.4816376524815	135.079948608142
great	-Bigram(Another_@)	18.0002339136678	134.815970858351
nice	Bigram(@_place)	15.668896755735	134.547377898408
nice	Bigram(@_walk)	35.1748123640889	134.304510007203
creative	Bigram(@_juices)	25.8661713407976	134.288405252502
ready	-Bigram(Get_@)	16.0647770650015	134.001966024393
good	-Bigram(surprisingly_@)	5.20173646210813	133.761228386111
happy	Bigram(@_Sunday)	0.0932450739280091	133.24582399372
won	Bigram(@_BGT)	13.851288253726	133.06844855112
great	Bigram(@_sunday)	0.0903852013285075	133.059936650471
cool	-Bigram(sooo_@)	8.070071816569	133.033639851669
thank	-Bigram(Well_@)	0	132.73186115363725
good	Bigram(@_memories)	25.4442636523045	132.522169316607
safely	-Bigram(landed_@)	5.69687523538211	132.2019909589
great	Bigram(@_article)	5.90377460372791	132.193150446264
excited	-Bigram(Im_@)	2.6913130217478	132.18580746681
patiently	-Bigram(waiting_@)	34.3079951304093	131.649966324802
awesome	-Bigram(Thats_@)	1.15091375136495	131.231611598273
success	-Bigram(huge_@)	1.39527795037103	130.870533184731
cute	-Bigram(kinda_@)	2.2230819262897	130.86984807575
cute	-Bigram(How_@)	2.38110892195485	130.496809999367
better	Bigram(@_place)	42.9406265302049	130.491199562748
swift	-Bigram(Taylor_@)	39.6341741937279	130.192530200079
progress	-Bigram(making_@)	12.0264016516904	129.484878565672
nice	-Bigram(thats_@)	3.73494332889684	129.335980299579
enough	-Bigram(Funnily_@)	0	129.27406055410356
wonderful	Bigram(@_world)	10.3047968093406	128.930829917143
good	-Bigram(darn_@)	1.31167167046047	128.620975642595
better	Bigram(@_way)	9.37513108382325	128.3757717638
positive	Bigram(@_thoughts)	55.5933613742874	128.326821700712
amazing	-Bigram(truly_@)	0.151475643802151	128.13879591884
cute	Bigram(@_together)	22.5453825180117	127.979088131731
win	Bigram(@_win)	0.220836161849825	127.969663994061
amazing	-Bigram(sounds_@)	79.5712169684803	127.955875366456
cool	-Bigram(looks_@)	36.814061975957	127.880109999134
cute	-Bigram(thats_@)	1.08482096849147	127.802210981892
win	-Bigram(win_@)	0.220524396240598	127.791822011474
pretty	Bigram(@_lady)	8.99628942123521	127.590996175024
nice	-Bigram(Always_@)	1.24672697763984	127.446224036888
safe	-Bigram(stay_@)	41.3828308908151	127.423486497838
wonders	-Bigram(does_@)	1.3346790476512	127.375370516422
productive	Bigram(@_week)	0.353415038866028	127.271521374604
good	Bigram(@_trip)	9.3176909567977	127.071925217354
love	Bigram(@_you&quot)	18.1530086590871	126.944373622156
amazing	-Bigram(simply_@)	2.21813433465092	126.924459475447
pretty	Bigram(@_decent)	16.0375641683113	126.426275263196
thank	Bigram(@_YOU)	0.0596040334608774	126.109975991777
glorious	Bigram(@_sunshine)	91.7823809033159	125.706036029886
well	-Bigram(Rest_@)	0.540957968121998	125.293918317345
won	-Bigram(team_@)	23.8673601471601	125.238709778478
perfect	Bigram(@_timing)	20.7801012173496	125.055935189791
free	Bigram(@_food)	68.1205484223892	124.980133488869
beautiful	-Bigram(look_@)	3.86901232499247	124.614316030788
positive	Bigram(@_thinking)	0.789315951099525	124.420014641825
better	-Bigram(tastes_@)	5.61441763865442	124.264696060444
safely	-Bigram(arrived_@)	4.63553616470687	123.995898049857
happy	Bigram(@_friday)	5.69144491424967	123.565377797465
praising	Bigram(@_God)	0	123.49515239252541
welcome	Bigram(@_aboard)	0	123.09873040216918
wonderful	-Bigram(most_@)	8.49840843298261	122.463945909614
great	Bigram(@_food)	0.504156847219027	122.446871603059
good	Bigram(@_question)	22.8744890165451	122.188379952787
fun	-Bigram(hella_@)	7.82984208419135	121.541132884171
excellent	-Bigram(most_@)	0.929976577386208	120.633489327661
cute	-Bigram(Too_@)	2.83002077315082	120.366383401934
properly	-Bigram(working_@)	0	120.32668350696001
bonus	-Bigram(added_@)	0.626402545996505	120.189284203425
perfectly	Bigram(@_fine)	24.1942833922097	120.15665258662
fine	-Bigram(perfectly_@)	24.1596821425299	120.056160682784
loves	-Bigram(brazil_@)	0.384859313403784	119.785887139427
support	-Bigram(Please_@)	0.109694052910656	119.57107868307
love	Bigram(@_sundays)	1.21269310507505	119.278642704676
holy	Bigram(@_moly)	43.5604711383808	119.042951487485
favorite	-Bigram(all-time_@)	2.76183885108724	118.71886733458
celebration	-Bigram(bday_@)	10.7147130014528	118.574941874948
happy	-Bigram(sooooo_@)	2.87864755096541	118.144212945902
top	Bigram(@_notch)	37.806159918024	118.011406859854
hot	-Bigram(damn_@)	0	118.00789859926897
happy	-Bigram(feel_@)	0	117.42242065536372
wins	-Bigram(Federer_@)	0.705257386758411	117.340706327653
fabulous	Bigram(@_weekend)	10.1776683415026	116.752754022927
hot	Bigram(@_bath)	96.3361340031854	116.674341162707
well	-Bigram(rest_@)	0.279144972018426	116.615840065129
smart	Bigram(@_ass)	9.56928719740554	116.175639630006
fun	Bigram(@_filled)	81.2460010974204	116.135142679186
best	Bigram(@_kind)	1.59866386854428	115.917737004477
safe	-Bigram(Stay_@)	14.2644433962223	115.667425720644
thrift	Bigram(@_store)	15.029476983528	115.651184406815
loves	-Bigram(Brazil_@)	0.31673185724886	115.592554596235
cool	-Bigram(soooo_@)	0.217491282838016	115.431032162392
excited	-Bigram(Soooo_@)	0	115.32517863563668
positive	Bigram(@_note)	12.9273098914478	115.186182363073
nice	-Bigram(soo_@)	17.4165683318657	114.755414224868
awesome	-Bigram(super_@)	20.1587029639169	114.565121604158
exciting	-Bigram(sounds_@)	2.71904430317604	114.371959394476
beautiful	-Bigram(absolutely_@)	15.8860605987761	114.284715219874
pretty	-Bigram(feel_@)	0	114.23990698449225
great	-Bigram(went_@)	14.9336322517832	114.042177980871
nice	Bigram(@_person)	27.6804053024897	113.954615315771
comfy	Bigram(@_bed)	111.385999222545	113.568706510653
glow	Bigram(@_sticks)	4.12292326395515	113.4875192439
grand	Bigram(@_slam)	62.1509390086472	113.484562081784
love	Bigram(@_yall)	5.00068265548678	113.310134289257
free	Bigram(@_shipping)	41.9192963681242	113.042859586396
nice	Bigram(@_sunny)	38.3740526989202	112.905936556164
charming	-Bigram(prince_@)	64.0279358338802	112.86054986881
sweet	Bigram(@_16)	25.9959383734543	112.47393216537
stunning	-Bigram(absolutely_@)	0.576434226052856	112.359370708743
great	Bigram(@_Monday)	0.498859817553188	112.338989944233
good	Bigram(@_rest)	4.5317390916275	112.047077349102
accomplished	-Bigram(mission_@)	2.99664099025697	111.588930543452
ready	-Bigram(Gettin'_@)	8.0751063580151	111.368754915211
amazing	Bigram(@_actress)	1.49912469019408	111.349958764868
good	-Bigram(felt_@)	56.2958212122626	111.191313778558
loved	Bigram(@_seeing)	2.26507217617384	111.100614083999
works	Bigram(@_wonders)	6.11390992948747	111.033433817293
exciting	-Bigram(Very_@)	5.86613073265663	110.336071119279
excited	-Bigram(uber_@)	3.0631474230934	110.168576919494
sweet	Bigram(@_sixteen)	44.1432967212411	109.843984824451
great	Bigram(@_taste)	0.318846391158239	109.747145667378
happy	Bigram(@_days)	7.87945598008866	109.420353797845
great	Bigram(@_film)	4.67857869509009	109.346620512802
wonderful	-Bigram(sounds_@)	0.52590214925333	109.289713827643
prefer	-Bigram('d_@)	68.6098241008115	109.228257502122
excited	-Bigram(Really_@)	0.342302625206814	109.19181547109
wonders	-Bigram(works_@)	5.50199270795627	109.096853086487
well	Bigram(@_hello)	1.69354791926667	109.061873143075
nice	Bigram(@_way)	10.6057347000505	108.448352286667
won	-Bigram(We_@)	10.7561428441947	108.321587338499
appreciate	-Bigram(greatly_@)	0.696622447574747	108.2981014632
refreshed	-Bigram(feel_@)	0	108.20428500577513
well	Bigram(@_said)	0	107.87495909675675
love	Bigram(@_story)	14.8146734399856	107.860202895514
hilarious	-Bigram(fucking_@)	0	107.78713686465066
beautiful	-Bigram(looks_@)	8.10587439949896	107.7821261422
recommendation	-Bigram(Friday_@)	0	107.28286367983586
good	-Bigram(whats_@)	19.1486290914488	106.551480732147
lovely	Bigram(@_wife)	12.5232654205491	106.344601948239
cool	Bigram(@_kids)	57.9026036830452	106.276220327669
fun	Bigram(@_hanging)	4.32195150125662	106.234851707857
beauty	Bigram(@_rest)	7.9687259016353	106.071158768375
fav	Bigram(@_michael)	0	106.05146736129063
favorite	Bigram(@_place)	26.2193796703091	105.956964489161
happy	-Bigram(incredibly_@)	0.161567504658689	105.857770831314
delicious	-Bigram(most_@)	7.61487126513189	105.747926208768
super	Bigram(@_hot)	89.7729880419343	105.677751087699
love	Bigram(@_'em)	2.59180659207618	105.579888255376
hot	-Bigram(super_@)	89.6505515866812	105.448840692838
worth	-Bigram(Totally_@)	2.75021135694424	105.448272782819
good	-Bigram(Feeling_@)	3.19699366136186	105.321189628112
good	Bigram(@_week)	13.1938966747719	105.308635358612
gorgeous	-Bigram(Another_@)	18.7052085106658	105.305119461754
nice	Bigram(@_change)	0.30429809203591	104.904697233103
love	-Bigram(totally_@)	10.5168694635439	104.557375431706
happy	Bigram(@_endings)	14.9546366394913	104.543450084894
good	Bigram(@_seeing)	7.42536704548586	104.273609103323
great	Bigram(@_dinner)	1.23234205575232	104.159963501136
excited	-Bigram(quite_@)	1.64152620710332	104.072969879584
cute	-Bigram(Super_@)	0.207883831942029	104.039402071574
good	Bigram(@_excuse)	40.4431117346647	103.936424861261
great	Bigram(@_workout)	10.3600466092066	103.923672865735
great	-Bigram(Thats_@)	2.80154589328462	103.921798623094
better	Bigram(@_late)	0	103.43515396095617
gorgeous	-Bigram(looks_@)	10.0784280811926	103.386547154259
top	Bigram(@_ten)	46.5625619054805	102.950909493898
good	-Bigram(smells_@)	6.90880250425974	102.698083108348
beautiful	Bigram(@_wedding)	5.41915311475746	102.68551936301
pretty	Bigram(@_close)	9.40378646922343	102.317303157271
hail	-Bigram(All_@)	0	102.27626156598247
love	Bigram(@_hearing)	3.33478351429098	102.150935520116
thank	Bigram(@_yous)	10.561316667488	101.975779408302
fun	Bigram(@_playing)	6.86763372784347	101.81302317267
safe	-Bigram(Drive_@)	5.16129075204014	101.749931361556
awesome	-Bigram(freakin_@)	4.51660628911183	101.681326871482
good	-Bigram(sooooo_@)	13.1059026310891	101.61025311664
love	Bigram(@_ebay)	0.0692091862638731	101.593403032493
well	-Bigram(slept_@)	45.4417764607733	101.333969427961
pleased	-Bigram(quite_@)	0.342805488198581	101.323240991961
warm	Bigram(@_fuzzies)	1.31693840624701	100.969238553227
great	Bigram(@_advice)	0	100.85175569951394
happy	-Bigram(Im_@)	6.80919595701819	100.837050317811
great	Bigram(@_guy)	15.5134132185952	100.71945534961
cute	Bigram(@_couple)	10.8229238838318	100.555647391971
nice	Bigram(@_dream)	4.80908068314022	100.461842202124
top	Bigram(@_secret)	0	100.3766221131048
hot	Bigram(@_date)	9.18089056610058	100.236933042768
nice	Bigram(@_glass)	0.0791752042889749	100.179330042306
favorite	Bigram(@_boys)	1.5823574564545	99.7002065275944
beautiful	Bigram(@_voice)	3.951255695536	99.5962824041901
fans	-Bigram(biggest_@)	15.5681813451671	99.4135565187719
recommend	-Bigram(Highly_@)	4.31910455466451	99.3236432709148
comfy	Bigram(@_couch)	0.516173618027451	99.07030530581
amazing	-Bigram(Its_@)	6.2990645944871	98.3038344000174
lovely	Bigram(@_Sunday)	6.64603772098031	98.1549081610535
work	Bigram(@_hard)	7.93621107584705	97.9138600153071
love	Bigram(@_saturdays)	0.150329446593404	97.8829538480817
hot	Bigram(@_topic)	79.0880781367713	97.8018466418105
enjoyed	-Bigram('ve_@)	5.15145887798365	97.672277947811
free	-Bigram(gluten_@)	55.6331744594602	97.4345675114914
excited	-Bigram(beyond_@)	0	97.35707657929264
awesome	-Bigram(look_@)	8.3521309505544	97.0781860525578
great	Bigram(@_actress)	1.12785508942608	96.8829160567149
love	Bigram(@_making)	2.05744204540568	96.8685299262555
love	Bigram(@_Mondays)	0.0636449051985219	96.6812344631159
nice	-Bigram(stays_@)	0.929678062501415	96.4462811937733
grateful	-Bigram(eternally_@)	0	96.30947973251702
greatest	Bigram(@_hits)	32.4977913646788	96.2292012109648
love	Bigram(@_thee)	0.576623678994439	96.0985181605604
best	Bigram(@_nights)	0.985740915470499	95.9995770313608
appreciate	-Bigram(We_@)	0	95.95402498854962
beautiful	Bigram(@_place)	6.39374865422484	95.7399245884779
love	-Bigram(id_@)	82.3386548805643	95.3852313471647
great	Bigram(@_actor)	9.12763509946374	95.3714941079819
work	Bigram(@_week)	89.197114651104	95.3600248414624
well	-Bigram(Very_@)	0.49105547462568	94.9350281756791
cool	-Bigram(kinda_@)	15.5577875758798	94.8769855693093
clear	Bigram(@_blue)	16.9638356900344	94.765663931028
amazing	Bigram(@_job)	3.4673823216274	94.7442522340916
perfect	Bigram(@_combination)	0.531182251617324	94.7170624970914
nice	-Bigram(feels_@)	2.65818634247124	94.5272178444395
good	Bigram(@_boy)	0.938780419403173	94.3121643624853
beautiful	Bigram(@_sunshine)	28.9983612347687	93.9501361123987
pleasant	Bigram(@_dreams)	0.514941685103716	93.8836002616646
won	-Bigram(Federer_@)	25.1812091065514	93.7620575582067
best	-Bigram(da_@)	14.9251633280306	93.6926926163155
love	-Bigram(..i_@)	10.0717199694414	93.0517920104243
fans	-Bigram(brazilian_@)	66.4558927824115	93.0434776822233
recommendation	-Bigram(FF_@)	0	92.89059300365966
pretty	Bigram(@_hot)	11.8672366858556	92.7928052042566
beautiful	Bigram(@_Saturday)	25.1929930258384	92.7316729082731
happy	Bigram(@_early)	0.673043891002949	92.6836132273369
clean	Bigram(@_sheets)	14.7648319614602	92.5670562306761
good	Bigram(@_word)	0.592167851752508	92.3447409052857
warm	Bigram(@_milk)	25.4934476137833	92.3265566747994
love	-Bigram(,i_@)	7.85272717365197	92.2403655484203
fabulous	-Bigram(look_@)	0.177090058420804	92.2391761053982
fun	-Bigram(...have_@)	6.50689415380643	92.2236229361746
genial	-Bigram(es_@)	0	92.19992290878936
good	Bigram(@_film)	14.6658580213179	92.0172977861808
appreciate	-Bigram('d_@)	16.7036098056791	91.9487412135018
promising	-Bigram(looks_@)	12.378271075185	91.9325536031332
fresh	Bigram(@_strawberries)	9.37165964284018	91.8754002570806
fine	-Bigram(working_@)	0	91.76517519293546
great	Bigram(@_quote)	0.153674376983805	91.6290623178613
excited	Bigram(@_bout)	6.63700505580852	91.024829974448
positive	Bigram(@_feedback)	5.95616370514164	90.9980797125279
enjoying	-Bigram(thoroughly_@)	0.693607680112302	90.9238457070886
super	Bigram(@_dooper)	0	90.80415579827873
good	Bigram(@_singer)	2.12207216966055	90.73057620982
delicious	-Bigram(looks_@)	13.256363648356	90.7283415534857
helping	Bigram(@_us)	2.38768102185044	90.6452231460368
interesting	-Bigram(looks_@)	8.87045890111074	90.4280870920475
cute	Bigram(@_picture)	4.63278504382129	90.3053032444333
good	-Bigram(jolly_@)	1.13761651153692	90.2579390361744
coolest	Bigram(@_person)	10.4638210805881	89.7460457379177
interesting	-Bigram(quite_@)	1.6977950419654	89.6465972658552
great	Bigram(@_nite)	1.73734161345864	89.5147985261976
good	-Bigram(Always_@)	1.3138828440138	89.2938787760049
happy	-Bigram(quite_@)	11.496603247025	89.1837073046655
great	-Bigram(Looks_@)	2.07326173189492	89.0678708774397
loved	-Bigram(absolutely_@)	14.4818330108612	89.002471266545
great	Bigram(@_role)	0.209279496547787	88.9489259095055
sexy	Bigram(@_beast)	10.0721000293944	88.9394944233821
cute	-Bigram(freaking_@)	0.73614468774446	88.3422672302099
great	Bigram(@_birthday)	5.61471001082831	88.279350056972
great	-Bigram(looked_@)	14.9464321824729	88.033904859642
delicious	Bigram(@_dinner)	6.21956858910164	87.9503459289275
famous	-Bigram(become_@)	1.98381060606407	87.9167642436243
excellent	Bigram(@_idea)	0.290909659712798	87.8596667669884
amazing	-Bigram(shes_@)	0.737131641206249	87.8320624142107
nice	Bigram(@_nap)	21.2723666067845	87.8106556887113
fun	-Bigram(kinda_@)	5.22854009411228	87.8092660974838
great	Bigram(@_service)	0.703012059358815	87.699831459216
hilarious	-Bigram(absolutely_@)	0	87.66316745402895
good	-Bigram(Really_@)	4.76156624600707	87.6510128866845
great	Bigram(@_pic)	3.27835745983401	87.639915616808
best	Bigram(@_advice)	1.79599984033602	87.5867229809281
free	Bigram(@_tickets)	82.1770593524984	87.547896902513
fair	Bigram(@_trade)	0.473465497023322	87.528339983134
recommended	-Bigram(Get_@)	0	87.47841901983921
amazing	Bigram(@_friends)	3.39537272444777	87.3703156803915
smart	Bigram(@_cookie)	2.59140928334692	87.3447073182319
good	Bigram(@_karma)	4.03748021075251	87.2045504483879
glad	-Bigram(sooo_@)	7.30661147601585	87.1041636954229
happy	Bigram(@_b)	4.97037319011612	86.9286551425314
happy	Bigram(@_saturday)	0.69818349788801	86.8972845974315
beautiful	Bigram(@_sunday)	11.5721224471804	86.8668655003255
awesome	Bigram(@_book)	0.0194280967526352	86.7657648753249
fun	-Bigram(Was_@)	0.649842799246222	86.7111131981818
favorite	Bigram(@_color)	5.30318018961117	86.7088112465198
support	Bigram(@_group)	14.1663284956303	86.6906747122412
worth	-Bigram(Well_@)	0.415138992046387	86.6701540932054
perfect	Bigram(@_way)	5.42829454334284	86.4905441302381
love	-Bigram(freaking_@)	3.18965395202649	86.2667252141608
pure	Bigram(@_awesomeness)	0	86.25325956292995
excited	-Bigram(Getting_@)	0.404467465218454	86.2365320008174
fun	Bigram(@_cheers)	0	86.01098322268263
good	-Bigram(lookin_@)	31.772529791261	85.80785771206
awesomeness	-Bigram(pure_@)	0	85.66427665778451
good	-Bigram(Feel_@)	0	85.65814612607488
ready	-Bigram(gettin'_@)	37.8518846425648	85.4870475224923
great	Bigram(@_day/night)	0.38971508830652	85.3958237860586
good	Bigram(@_feeling)	32.3535620070536	85.3387501090341
pretty	Bigram(@_dope)	5.37684454455835	85.2983436415464
shine	-Bigram(sun_@)	57.6265594913578	85.2065193308476
adorable	-Bigram(absolutely_@)	0.423655789922735	85.1928050591844
lighter	Bigram(@_fluid)	0	85.0962374989343
beautiful	-Bigram(looked_@)	2.67856266685575	85.0235286564301
love	-Bigram(Friday_@)	0	84.96598115185782
interesting	-Bigram(Sounds_@)	4.8958877287682	84.9414543368729
amazing	-Bigram(looked_@)	7.46155871714204	84.9020358020194
amusing	-Bigram(quite_@)	0	84.8469066718631
fair	-Bigram(street_@)	10.7988619004325	84.8376770513798
smoothly	-Bigram(goes_@)	24.1066473012948	84.8010625794438
love	Bigram(@_life)	9.40411319623569	84.6847321978796
fresh	Bigram(@_start)	12.4143084883489	84.6488918512595
pretty	-Bigram(went_@)	11.7500513575025	84.5644528031536
recommendation	-Bigram(Tweet_@)	0.849265117055204	84.5597713615686
good	Bigram(@_care)	25.8840246500928	84.3915287652016
nice	Bigram(@_cold)	7.03680746243331	84.3344796079474
pretty	Bigram(@_face)	20.1712904738469	84.3215118642854
grand	Bigram(@_theft)	0	84.19710973773543
encouraging	Bigram(@_words)	6.76037800262536	84.1873429602007
love	Bigram(@_weddings)	1.00894044262822	83.9660395865718
fast	Bigram(@_learner)	0	83.9567616347333
love	Bigram(@_youuuu)	22.9459105555375	83.8966820528233
safe	-Bigram(Home_@)	0.247659029322485	83.8457818865225
smile	-Bigram(biggest_@)	0	83.8209988933443
powerful	-Bigram(most_@)	0	83.55265512497604
cute	-Bigram(damn_@)	0	83.49361629234616
smile	Bigram(@_smile)	0	83.3659130271381
pleased	-Bigram(Very_@)	0.460589375531649	83.3457384331338
enjoying	-Bigram(Really_@)	0.798481402813752	83.3227549632895
nicely	-Bigram(together_@)	0.477900853723031	83.3001851562913
smile	-Bigram(smile_@)	0	83.14261118992285
good	Bigram(@_lookin)	4.55033080078115	83.137969776495
cool	-Bigram(Really_@)	0.262993727637338	82.941658489986
beauty	-Bigram(sleeping_@)	3.71071136584071	82.9030082339032
works	Bigram(@_perfectly)	10.6905002354473	82.8479675728798
hot	Bigram(@_fudge)	9.9713713624322	82.8382886779779
clean	Bigram(@_slate)	1.1906393339192	82.7609817647249
best	-Bigram(thee_@)	7.2268836208938	82.688673806277
perfectly	-Bigram(works_@)	10.6905002354473	82.6748716905588
lovely	Bigram(@_sunday)	8.41725583398639	82.592672884268
free	-Bigram(stress_@)	0.963153109157502	82.533567992679
good	Bigram(@_sir)	0.906723828799071	82.5201781807964
refund	-Bigram(tax_@)	9.28814177563753	82.4429510368861
patient	-Bigram(Be_@)	0.682806457032165	82.3597292473869
amity	Bigram(@_affliction)	0	82.30009469040456
sweet	-Bigram(sooo_@)	6.65674817730171	81.9653011574928
gratitude	-Bigram(warm_@)	0	81.8921552199607
warm	Bigram(@_gratitude)	0	81.8921552199607
sweet	Bigram(@_dream)	4.39347842145899	81.8839521673814
better	-Bigram(WAY_@)	13.4414187538953	81.8368204623054
adorable	-Bigram(most_@)	27.7259343340647	81.7455044610347
pretty	Bigram(@_stoked)	2.57447505631407	81.7347317979267
loving	-Bigram(Im_@)	1.29504664646701	81.7342934551599
beautiful	Bigram(@_city)	18.8913897430332	81.5441801078606
ovation	-Bigram(standing_@)	6.21775665799972	81.4888570748461
good	Bigram(@_sleep)	28.2745367451105	81.4192783323087
free	Bigram(@_ice)	38.2705041350152	81.3290367969812
humble	Bigram(@_opinion)	1.32106688390743	81.2302433297076
awesome	-Bigram(How_@)	0.0623354966950171	81.1914291407571
cute	Bigram(@_boy)	56.2554878095738	81.1850586908129
perfect	Bigram(@_sense)	3.14495234095335	81.1645955466808
sweet	Bigram(@_sweet)	10.0946450042013	81.1531660685007
happy	Bigram(@_returns)	3.15603869689604	81.1286677450995
excited	-Bigram(Soo_@)	3.12234339042216	81.0941344916969
win	-Bigram(epic_@)	2.40785192074918	81.0817958026367
won	Bigram(@_$)	27.8124353062092	81.0109025345452
sweet	-Bigram(thats_@)	7.42410000042751	80.9834564547748
best	Bigram(@_days)	2.85736212245686	80.954010184233
adore	-Bigram(simply_@)	0	80.62402803197297
super	Bigram(@_sweet)	14.8141777697207	80.5589802743595
free	-Bigram(drama_@)	1.01018291135161	80.3277843132261
wonderful	Bigram(@_week)	2.11267599285941	80.1212525252445
grand	Bigram(@_opening)	18.9766308522957	80.0034411621082
sweet	-Bigram(super_@)	14.7387261672545	79.8238586562505
creative	Bigram(@_writing)	19.0246479061628	79.7496701206764
awesome	-Bigram(Sounds_@)	4.23849599969668	79.6263835782187
good	Bigram(@_nights)	73.9414588906597	79.4010832618239
better	-Bigram(somewhat_@)	0.183601766030733	79.3035227996719
woo	Bigram(@_hooo)	0	79.20696286237252
cool	Bigram(@_peeps)	0.656948215737588	79.1958342762111
hardy	-Bigram(ed_@)	17.932919716332	79.1906019110258
good	Bigram(@_conversation)	0.962773289025429	79.1456417655389
free	Bigram(@_drinks)	12.2298583229591	79.0712998252701
good	-Bigram(soooooo_@)	4.68986642117187	79.0060779566375
promising	-Bigram(sounds_@)	0	78.88647168829681
brilliant	Bigram(@_idea)	14.2239496471943	78.8339675598294
stunning	-Bigram(looked_@)	5.75878547127676	78.7744323726442
pretty	Bigram(@_interesting)	10.7120465196478	78.6585679760529
love	-Bigram(...gotta_@)	15.6614027633519	78.6250227811799
nice	Bigram(@_Sunday)	0.817151289022245	78.6037422397461
breeze	-Bigram(ocean_@)	1.03239814462448	78.5533835508363
beautiful	Bigram(@_wife)	1.86849344458832	78.4603695401759
good	Bigram(@_tunes)	5.77615904687049	78.4146890582777
free	Bigram(@_coffee)	4.18508652431276	78.2535406011727
glorious	-Bigram(Another_@)	24.6806284698646	78.1777028662814
works	-Bigram(whatever_@)	2.50792290369339	78.1432090867957
fine	-Bigram(feel_@)	0	78.05646031904455
cute	-Bigram(SO_@)	15.6600978917735	78.0183709795385
beautiful	Bigram(@_bride)	0	77.97122718097958
great	Bigram(@_person)	2.86332618005559	77.6704319749255
favor	-Bigram(exchange_@)	0	77.63711206521666
happy	Bigram(@_Monday)	0.407088147400084	77.6016170165205
♥	Bigram(@_﻿)	0	77.53904815243732
warm	-Bigram(stay_@)	1.43216143420241	77.4623890483677
lucky	Bigram(@_duck)	35.9643606210362	77.3986951629201
delicious	-Bigram(sounds_@)	63.2900451210728	77.2952266722247
nice	Bigram(@_sunday)	2.93619689447984	76.9601405075047
best	-Bigram(absolute_@)	1.34636534642784	76.8967378293018
promise	-Bigram(pinky_@)	7.06823033736273	76.8463891701215
love	Bigram(@_their)	13.4224677857545	76.6799096007787
good	-Bigram(s'all_@)	2.10923105935713	76.6777967512373
awards	-Bigram(tony_@)	6.42083748209972	76.5849366109908
enjoyed	Bigram(@_yourself)	3.56114316172569	76.4979718599253
beautiful	Bigram(@_sunrise)	0.535554128820912	76.3082744156259
nice	Bigram(@_hot)	17.9682941729179	76.2907601637624
cute	-Bigram(looks_@)	8.11685043467862	76.2598769961678
wow	-Bigram(wow_@)	25.031825068372	76.245171622055
perfect	-Bigram(makes_@)	0.0712803462392677	76.207819937481
comfort	Bigram(@_zone)	25.1243714953361	76.1984461839087
breeze	-Bigram(sea_@)	0.999598396927494	75.9859179320154
excited	-Bigram(VERY_@)	1.07490741694461	75.9765444480158
impressive	-Bigram(Very_@)	0.628945383588575	75.9485731958994
enough	-Bigram(early_@)	0	75.9086510015224
pretty	Bigram(@_fast)	7.22229898434879	75.8384020613371
well	Bigram(@_behaved)	2.12026973457865	75.7561735022002
work	-Bigram(design_@)	8.04527446002825	75.5938337984708
won	Bigram(@_britains)	0.701123717453131	75.5513476608706
worth	Bigram(@_seeing)	4.83334364824022	75.5362425926055
exciting	Bigram(@_week)	0.027727687290809	75.3773770810516
well	-Bigram(Be_@)	0.754281804922525	75.3179783516342
fantastic	-Bigram(looks_@)	3.63432998496883	75.2623927387636
hot	Bigram(@_wings)	9.91578909262832	75.2597803230428
good	-Bigram(taste_@)	25.8477183856456	75.2379654509746
lovely	Bigram(@_dinner)	0.409093421833165	75.0670917503535
hot	Bigram(@_sauce)	73.152012362969	74.9232989712447
awesome	-Bigram(freakin'_@)	1.39341786714249	74.911341177688
better	-Bigram(alot_@)	34.7432342409788	74.8309831102346
hot	Bigram(@_chicks)	9.57497939179019	74.7895714050678
best	Bigram(@_feeling)	0.251520250653536	74.7840527847932
loved	Bigram(@_brokeback)	0	74.72963440837515
pretty	-Bigram(thats_@)	27.0419729837521	74.7190962810904
award	Bigram(@_winning)	0.785913327005464	74.62718055283
winning	-Bigram(award_@)	0.785913327005464	74.5965492644363
treasure	Bigram(@_hunt)	23.0013099987587	74.5490772711227
won	-Bigram('ve_@)	26.5676399811006	74.5430359423298
healthy	Bigram(@_breakfast)	5.59414417690887	74.4781525075229
gold	Bigram(@_coast)	33.298006089988	74.4547542070405
perfect	Bigram(@_ending)	0.353108543971551	74.4011031736395
good	Bigram(@_songs)	5.79242279469636	74.316879064891
perfect	Bigram(@_place)	0.11763703953521	74.304544322503
glad	-Bigram(soo_@)	8.59324440569758	74.3028651246601
smiling	Bigram(@_face)	13.6606520299286	74.2941268497084
loving	-Bigram(absolutely_@)	1.3862958081477	74.1094077904917
nice	Bigram(@_lunch)	5.45194295578207	74.0420170782433
good	-Bigram(REALLY_@)	11.7909006356621	73.9759335166266
favorite	Bigram(@_authors)	0	73.89076251714617
excited	-Bigram(SOOO_@)	0	73.85343370693894
sexy	-Bigram(damn_@)	0	73.69113127669004
good	-Bigram(tastes_@)	26.9490849515474	73.637181006132
better	-Bigram(slightly_@)	42.7912161363562	73.4912489201693
romantic	-Bigram(most_@)	0	73.39547900203813
thank	Bigram(@_GOD)	19.145496676463	73.3755380199145
great	-Bigram(Its_@)	1.05335324743018	73.308798006525
appreciate	-Bigram(truly_@)	0.567793459599803	73.2510819333636
hot	Bigram(@_choco)	17.2701337294547	73.1490791413946
important	Bigram(@_part)	6.89567644173294	73.138417381597
important	Bigram(@_meal)	0	73.13291824388178
friendly	-Bigram(eco_@)	5.67292047692579	73.0106356167052
good	Bigram(@_price)	4.02858355640404	72.9719310509194
great	Bigram(@_singer)	6.26053452343613	72.8334274790916
enjoyed	Bigram(@_reading)	2.68466184407626	72.7362390226755
good	-Bigram(VERY_@)	3.23161145665687	72.6892955710643
fun	Bigram(@_evening)	3.52726103436814	72.6497186091665
safely	-Bigram(drive_@)	0	72.54969124878765
great	Bigram(@_band)	1.5251549416297	72.4866130039898
worth	Bigram(@_checking)	0.345315421210494	72.4814567929865
good	-Bigram(Im_@)	7.21125972271193	72.402596064714
cool	Bigram(@_guy)	11.1870176909096	72.2353663779525
nice	Bigram(@_warm)	43.9079487541264	72.1806229222079
cute	-Bigram(sooooo_@)	6.09513177964667	72.1506229960621
bright	Bigram(@_sunny)	18.0391675892181	72.0834948195685
won	-Bigram(twilight_@)	5.87299851047884	72.0174737539912
love	Bigram(@_living)	2.25333938967745	71.7853246677054
happy	Bigram(@_dance)	3.96873275197013	71.7596905939502
won	-Bigram(Twilight_@)	6.0376911756516	71.7081376775241
perfect	Bigram(@_snogging)	1.57572612364579	71.657831278585
perfect	-Bigram(sounds_@)	14.7603674496451	71.6284104695
win	-Bigram(Epic_@)	1.96728682841602	71.5474025875742
delicious	-Bigram(Sounds_@)	0	71.50368306886864
good	-Bigram(lifes_@)	2.22815464459686	71.3828087461096
good	Bigram(@_sunday)	0.043944752155778	71.3652543307438
hot	-Bigram(looks_@)	2.69642108224109	71.3004345390558
fav	Bigram(@_songs)	8.29842027833099	71.2568911870644
best	Bigram(@_boyfriend)	6.37815031650498	71.2161985275344
ready	-Bigram(gettn_@)	7.85791613739358	71.1440484349438
welcome	Bigram(@_anytime)	0	71.07906071659482
great	Bigram(@_post)	0	71.03186780148157
enjoy	Bigram(@_life)	7.29422731182809	70.9722664322218
good	-Bigram(Its_@)	0	70.91672825258549
afford	-Bigram(cant_@)	0	70.80449306077934
mercy	Bigram(@_mercedes)	2.456532734074	70.7919215494999
beautiful	Bigram(@_woman)	18.2242404322453	70.7410798258978
sweet	-Bigram(soo_@)	5.72383813789657	70.7202027830982
shiny	-Bigram(shiny_@)	8.2063197381904	70.5822882531264
shiny	Bigram(@_shiny)	8.2063197381904	70.5822882531264
right	-Bigram(bored_@)	0	70.56972280547727
happier	-Bigram(lot_@)	3.42137852038766	70.5642929605547
entertaining	-Bigram(quite_@)	0.478599983897391	70.4781132112382
worth	Bigram(@_following)	1.65303254491852	70.4359716734683
amazed	-Bigram(constantly_@)	0	70.42700269536446
talent	Bigram(@_final)	13.8272331762571	70.4171211883356
talented	Bigram(@_writer)	0	70.39459361849426
quiet	Bigram(@_Sunday)	0	70.31646144323751
hot	Bigram(@_fuzz)	0	70.26916859187587
love	-Bigram(gonna_@)	0	70.18245004451815
fav	Bigram(@_movies)	1.33168313746735	70.1189220741781
better	-Bigram(looks_@)	15.978320909596	70.1024044285295
fun	-Bigram(sooo_@)	4.50543924370957	70.0284106627881
safely	-Bigram(Drive_@)	1.31743002244382	69.9384300198921
hero	-Bigram(super_@)	9.61996216762092	69.9371120680526
super	Bigram(@_hero)	9.61996216762092	69.9371120680526
recommend	-Bigram(definitely_@)	1.97659200925734	69.9076948367188
bright	-Bigram(Up_@)	34.4925937059144	69.856133704054
hot	Bigram(@_mess)	64.3283287508374	69.7727246902584
happy	-Bigram(VERY_@)	0.744468839763484	69.6928747822297
smile	-Bigram(heart_@)	0	69.68222171208883
easy	Bigram(@_peasy)	23.7065364062035	69.6806550401109
enough	-Bigram(Close_@)	0	69.4887850611404
top	Bigram(@_20)	42.1975745962971	69.3144445384233
pretty	Bigram(@_exciting)	8.38954121720944	69.2617225002636
nice	-Bigram(Be_@)	10.0624948120735	69.2534093132324
loves	-Bigram(Jesus_@)	0	69.17377713335341
work	-Bigram(Great_@)	0	69.16858061697775
magic	Bigram(@_bullet)	8.95751992442559	69.0666578594847
enough	-Bigram(hard_@)	64.5229518933822	69.0374067237631
nice	Bigram(@_ring)	0	68.96990239748095
better	-Bigram(LOT_@)	3.77201650492856	68.7676384172095
top	Bigram(@_100)	28.5822341485579	68.6045013717718
better	-Bigram(sounds_@)	26.1894414491368	68.602323094626
pretty	Bigram(@_flowers)	0	68.58429753911457
avid	Bigram(@_fan)	0	68.54090364609755
top	-Bigram(roof_@)	1.99589365173788	68.5270585699676
right	-Bigram(damn_@)	0	68.3718288660683
worked	-Bigram('ve_@)	57.8396839198429	68.0782403129851
good	Bigram(@_'ol)	6.61677396138697	67.931056796856
nice	Bigram(@_pics)	2.72855464429243	67.9033165082158
nice	Bigram(@_flight)	0.223293578569896	67.7994756420864
great	-Bigram(Feeling_@)	0	67.79508414028123
fun	-Bigram(most_@)	1.47728682311647	67.745198844877
enjoying	-Bigram(outside_@)	33.1714560559759	67.7193454696533
hot	Bigram(@_cheetos)	24.25480047733	67.535969594292
wonderful	Bigram(@_news)	0.757466905274647	67.4458319557541
helpful	Bigram(@_tips)	1.02224113198774	67.348350353131
proud	-Bigram(SO_@)	0	67.19158636512023
excited	-Bigram(freaking_@)	1.87475438944007	66.993580747211
tough	Bigram(@_job)	10.6260837365289	66.9407573908371
enjoy	-Bigram(gonna_@)	11.6318343325263	66.9000481457932
better	Bigram(@_hurry)	17.3290058201882	66.8963539422627
good	Bigram(@_moring)	1.41409980013538	66.8632061301151
pretty	-Bigram(sooo_@)	5.23744775572613	66.8585046929705
pretty	Bigram(@_impressive)	1.74667802956477	66.8549771041222
clean	Bigram(@_clean)	11.2509205424536	66.8423181172899
thank	Bigram(@_u.)	0	66.803698697901
welcome	-Bigram(r_@)	0.156419881780332	66.7523135862456
hot	-Bigram(kinda_@)	1.71972215644416	66.7453816899543
best	Bigram(@_movies)	2.66269057150832	66.6775537790126
clean	-Bigram(clean_@)	11.2351193674944	66.6745115165007
enjoying	Bigram(@_yourself)	2.97014424485425	66.6693055283032
wonderful	Bigram(@_weather)	7.5891613984591	66.6367802322726
boom	-Bigram(Boom_@)	10.1829041176711	66.5584984147475
love	Bigram(@_weekends)	0.0121075319447003	66.5499565501877
wonderful	Bigram(@_boyfriend)	0.265478582290123	66.5484963522753
good	Bigram(@_exercise)	1.91423119231505	66.5346507431504
nice	Bigram(@_tan)	23.826359557245	66.51096149082
welcome	Bigram(@_hun)	1.43053523275966	66.5037060785076
better	Bigram(@_without)	0	66.48577480238241
welcome	-Bigram(Most_@)	0	66.4563620561091
support	Bigram(@_us)	0.0548070488044869	66.4415383850781
right	-Bigram(probably_@)	13.466421739608	66.3707062527861
good	-Bigram(Looking_@)	0.0361393734048205	66.3623438772832
lucky	Bigram(@_guy)	2.50664774319648	66.357166020716
lovely	Bigram(@_pic)	0	66.33763772418547
well	Bigram(@_chuffed)	0.461912777830026	66.3095813339394
nicely	-Bigram(quite_@)	2.1505724289348	66.3037487264773
right	-Bigram(tired_@)	0	66.25604978297442
great	-Bigram(tastes_@)	0.876702842429108	66.2288221664657
happy	Bigram(@_Friday)	5.03491992871427	66.1763897772132
trust	-Bigram(never_@)	0	66.14017512906456
bright	Bigram(@_lights)	2.66068364099247	66.0748850987955
nice	-Bigram(kinda_@)	3.9775426509595	66.0099676999775
impressed	-Bigram(quite_@)	3.39377504492732	66.0075419220762
cool	Bigram(@_kid)	3.98626559235454	65.9913108622809
excited	-Bigram(soooooo_@)	7.69240715371579	65.9891768363961
lovely	-Bigram(How_@)	2.68996208915736	65.9829836791456
pretty	Bigram(@_epic)	10.8633309993338	65.9603597758336
nice	Bigram(@_dinner)	12.7767219458536	65.7947122122981
free	Bigram(@_WiFi)	9.17084686217055	65.7588886611415
win	Bigram(@_BGT)	63.3225857228183	65.6758778819344
good	Bigram(@_Sunday)	0	65.52569332042972
top	Bigram(@_trending)	1.71320170367019	65.501140095102
cool	-Bigram(damn_@)	0	65.48564174967157
greatest	-Bigram(worlds_@)	1.1649547882898	65.4116213901003
fantastic	-Bigram(absolutely_@)	14.3482064000646	65.1673948284377
brilliant	-Bigram(absolutely_@)	0.537311136250136	65.0651923428658
recommend	-Bigram('d_@)	4.65710231783125	64.8822164052353
best	Bigram(@_weekend)	20.5611494755297	64.8535248680235
great	-Bigram(Doing_@)	2.41532144694706	64.8524226002801
cool	-Bigram(Thats_@)	19.0524317345252	64.7918258679461
timely	Bigram(@_manner)	0	64.77680755464084
fans	-Bigram(Brazilian_@)	3.74826354087197	64.6763432450789
shiny	Bigram(@_suit)	13.0328121357425	64.6533585226242
awesome	-Bigram(absolutely_@)	0.105016389280948	64.5113378297325
good	Bigram(@_measure)	5.61059500431872	64.4871655571502
amazing	-Bigram(thats_@)	0.191245850534287	64.4628378279265
well	Bigram(@_rounded)	0	64.41304143717765
treasure	Bigram(@_spot)	0	64.38897082794031
exciting	Bigram(@_news)	6.05750798255401	64.3439711098255
lovely	-Bigram(looks_@)	7.87095237885959	64.1834670780827
responsibly	-Bigram(drink_@)	0	64.00879846195573
super	Bigram(@_sexy)	0.252629645482535	63.9122633888933
sexy	-Bigram(super_@)	0.251861638669257	63.8329549283939
nice	Bigram(@_little)	15.9631136975817	63.811339997189
best	Bigram(@_band)	11.8717827123137	63.5908538846475
great	Bigram(@_voice)	5.01438924801986	63.5872659268236
awesome	-Bigram(fuckin_@)	1.00727051874067	63.4934700334325
favorite	Bigram(@_shows)	42.8551129045207	63.4597179611143
fans	-Bigram(true_@)	14.1996280463022	63.4060709828783
favorite	-Bigram(absolute_@)	5.20310314910507	63.4038272432682
positive	Bigram(@_side)	3.58233955781777	63.2935073180505
work	-Bigram(might_@)	0.129410532351613	63.2414021904551
delight	-Bigram(turkish_@)	2.67244204799503	63.1854235601866
worth	Bigram(@_waiting)	1.26927902768583	63.1257800107913
support	-Bigram(moral_@)	8.5472266862594	63.0723549887062
interesting	Bigram(@_tweets)	3.23959981473979	62.9778074921918
excited	-Bigram(kinda_@)	4.29473955748713	62.9340105177543
good	-Bigram(...a_@)	0.123519771754632	62.9006223089453
best	Bigram(@_medicine)	4.87522196161935	62.8211601466257
super	Bigram(@_power)	3.71045434253919	62.81983802088
happy	Bigram(@_place)	39.4698606908946	62.810093222448
great	Bigram(@_afternoon)	3.75557282451975	62.7281804008709
pleasure	Bigram(@_meeting)	0	62.59267924551917
right	Bigram(@_spelling)	0.182623915894172	62.5546617939568
favorite	-Bigram(most_@)	7.47925715451743	62.4951615799409
amazing	-Bigram(truely_@)	0.647314402235275	62.4441215792375
nice	Bigram(@_talking)	1.7050071411711	62.430618352737
good	Bigram(@_fight)	14.1084575318965	62.3804737330067
fine	-Bigram(Doing_@)	0.299898476856028	62.3168293016482
win	-Bigram(lakers_@)	6.18951867805069	62.2878525188868
won	Bigram(@_Britains)	0.869424894477825	62.2800475509303
great	Bigram(@_feedback)	0	62.253289859546186
thank	-Bigram(Aw_@)	0	62.14884922154586
great	Bigram(@_shots)	0.569593881787686	62.1025179928588
awesome	-Bigram(soo_@)	0.220764881782338	61.8970571138628
better	-Bigram(times_@)	22.1148839168542	61.8418811676143
love	Bigram(@_fridays)	0.209415037020132	61.8262489141568
amazing	-Bigram(r_@)	0.284793724840035	61.8081946662985
sparkling	Bigram(@_clean)	0	61.668644794331115
joy	Bigram(@_joy)	9.05734600240616	61.6184096290122
clean	-Bigram(sparkling_@)	0	61.57019825520143
best	Bigram(@_songs)	0.0468229384512765	61.5530453781465
enough	-Bigram(oddly_@)	13.9834834277217	61.4408961524008
smile	-Bigram(BIG_@)	0	61.42335152972252
sexy	Bigram(@_ass)	17.7035622212339	61.4129968992952
proud	-Bigram(feel_@)	0	61.39356987607275
joy	-Bigram(joy_@)	9.011716077363	61.3853994749465
right	Bigram(@_choice)	6.06111687258996	61.2318708283154
interesting	-Bigram(most_@)	35.3410925975841	61.1468598763114
great	Bigram(@_flight)	0.000739229111129252	61.1173753011023
happy	-Bigram(Really_@)	0.000353701092915561	61.0566157905659
creative	-Bigram(most_@)	0.353717145462125	60.9587799487432
good	Bigram(@_sleep.)	1.60768027613868	60.9578897861327
works	-Bigram(body_@)	0.171829310585789	60.9494257626819
welcome	-Bigram(Youre_@)	3.97585603312206	60.9461881332069
pretty	Bigram(@_nifty)	0	60.938264029575905
pretty	Bigram(@_dang)	2.04637393478904	60.9310137350319
super	Bigram(@_mario)	30.523934214523	60.8261703067189
great	Bigram(@_wkend)	1.22143513548715	60.8257153335182
better	-Bigram(feelin_@)	56.3333563821998	60.7714029776419
cool	Bigram(@_beans)	12.2891441099789	60.7498364278669
best	Bigram(@_singer)	1.38723101584002	60.7469172404794
thank	Bigram(@_U)	0	60.70171815152424
cheer	Bigram(@_camp)	7.19565686844526	60.6905589274761
smart	Bigram(@_guy)	3.40385666006324	60.6465932858408
great	Bigram(@_photos)	0.311114323872242	60.6302200785979
beautiful	Bigram(@_pic)	0.0624228464212518	60.5726465334517
bright	Bigram(@_future)	2.1772062871741	60.5253832812522
grateful	-Bigram(Eternally_@)	0	60.484268736119986
nice	-Bigram(How_@)	4.46221968875943	60.4788097917017
love	Bigram(@_thunderstorms)	22.8454255624481	60.4755358214905
excellent	Bigram(@_taste)	0.68205369952343	60.4079969934535
magical	Bigram(@_powers)	0	60.391847950038226
perfectly	Bigram(@_reasonable)	1.53067762295992	60.3799849163156
breeze	-Bigram(gentle_@)	0	60.33614516201224
gentle	Bigram(@_breeze)	0	60.33614516201224
quiet	Bigram(@_Saturday)	1.26422130599092	60.3064662113885
reasonable	-Bigram(perfectly_@)	1.53067762295992	60.2684102649476
great	Bigram(@_ideas)	7.4014493926928	60.2392734540222
happy	Bigram(@_diversity)	1.50467167650746	60.2179950147118
fun	-Bigram(amazingly_@)	5.26884349550964	60.1633488177687
good	Bigram(@_quote)	0.0839207185231701	60.090221347126
wonder	-Bigram(stevie_@)	4.41598115149272	59.9919426003384
love	-Bigram(;i_@)	22.6430732148693	59.9668449989843
healthy	Bigram(@_lifestyle)	4.5513373853449	59.8904950245914
free	Bigram(@_donut)	38.7161463023725	59.869294670425
awesome	Bigram(@_news)	1.25186032213848	59.8204058645077
love	Bigram(@_yaa)	2.94568874141367	59.8007082266857
hot	Bigram(@_cup)	9.20458246565543	59.7705553021692
awesome	Bigram(@_friends)	3.8660098999999	59.7496259305592
smile	Bigram(@_everytime)	0.607407310166359	59.6960815428912
love	Bigram(@_finding)	0	59.412881324650904
wonderful	Bigram(@_Saturday)	1.06150202435763	59.2555050008799
prize	-Bigram(nobel_@)	0	59.20973667481686
good	-Bigram(Was_@)	1.52686362405651	59.1969431845939
happy	Bigram(@_face)	15.60738491935	59.178541409533
recommend	-Bigram(anyone_@)	53.6185658509084	59.172962488382
love	-Bigram(Sending_@)	0.175031951896367	59.1397621848146
good	-Bigram(Be_@)	0.485032188416092	59.0778060996668
trendy	Bigram(@_topic)	25.1324074256846	59.0557919262579
positive	-Bigram(Stay_@)	0.910713117003177	58.9743979956126
good	Bigram(@_shit)	0	58.912030165106586
amazing	Bigram(@_actor)	2.07456327851327	58.9065792129078
awesome	-Bigram(sooo_@)	5.9773653157442	58.872688382702
perfect	Bigram(@_Sunday)	0	58.771182512845975
recommendations	-Bigram(Any_@)	24.8680569715798	58.7272426349667
bright	Bigram(@_yellow)	32.9328884736762	58.7161384839999
hilarious	-Bigram(freaking_@)	0.52816342885186	58.6421605247355
loves	-Bigram(God_@)	0.20520673142362	58.6376420147286
favorite	Bigram(@_places)	1.54370636575155	58.6299084206877
amazingly	Bigram(@_beautiful)	12.4909811350447	58.5875775634181
enjoyable	-Bigram(thoroughly_@)	0	58.547998471440046
best	Bigram(@_news)	1.77993405598181	58.5426649744839
good	-Bigram(rather_@)	0	58.531299391681685
safe	-Bigram(Travel_@)	1.13307458640477	58.4984935008301
beautiful	-Bigram(amazingly_@)	12.4665817925308	58.462985696681
super	Bigram(@_pumped)	5.10653622510969	58.0697319551302
fun	-Bigram(quite_@)	5.35860639083804	58.0658500434413
favorite	Bigram(@_quotes)	0.694185819229832	57.9956700695276
well	-Bigram(Doing_@)	4.29169394097985	57.9824669523365
hot	-Bigram(look_@)	0.388709891296993	57.9312896245632
love	-Bigram(true_@)	13.4209581197941	57.9248099432934
excited	-Bigram(Soooooo_@)	0	57.857836514226484
great	Bigram(@_picture)	0.816798671119961	57.7759519661479
hot	-Bigram(drinking_@)	15.022884267446	57.7480402989859
ready	-Bigram(gettting_@)	2.91987287317918	57.6777933728364
nice	Bigram(@_chat)	0.968842797264957	57.6223143910431
wonderful	Bigram(@_husband)	0.376979440553312	57.6106417207137
enough	-Bigram(funnily_@)	9.81094677831939	57.5857178831916
super	-Bigram(feel_@)	0	57.47299065742544
correct	Bigram(@_term)	0.953432352133831	57.2876846271043
great	-Bigram(felt_@)	3.81311724886823	57.2008564134502
award	Bigram(@_ceremony)	4.64393302255397	57.1963173171837
works	-Bigram(That_@)	0.181292472041616	57.1267521658369
hilarious	-Bigram(freakin_@)	0.67686774773762	57.118105678551
lovely	Bigram(@_girlfriend)	0	57.117520793047014
angelic	Bigram(@_voice)	0	57.10609168261053
great	Bigram(@_Tuesday)	0	57.08419313233461
great	Bigram(@_summer)	4.00709619955934	56.9077446597585
awesome	-Bigram(Totally_@)	0	56.87579999817006
favorite	Bigram(@_singer)	2.36129239905691	56.7423459419264
refreshed	-Bigram(Feeling_@)	0	56.728606753732436
lucky	Bigram(@_person)	3.04239078478735	56.7106370135968
proud	-Bigram(soo_@)	0.28644838521749	56.7068679656007
happier	Bigram(@_note)	42.7338560751363	56.6764565821628
lucky	Bigram(@_number)	6.56761644314283	56.6698019481497
great	Bigram(@_saturday)	3.46425043027222	56.6380069717541
smile	-Bigram(huge_@)	0.388726938556653	56.5778879091596
right	-Bigram(sitting_@)	0.27610084455039	56.5236873689658
beauty	-Bigram(natural_@)	0	56.44939753129776
wholeheartedly	-Bigram(agree_@)	1.44826941566219	56.4264486890936
fair	Bigram(@_warning)	0	56.40807921778633
fine	-Bigram(damn_@)	0	56.35021536876733
cool	Bigram(@_huh)	0	56.32039941330373
support	Bigram(@_each)	1.38049491146122	56.2852407173994
beautiful	Bigram(@_picture)	0.488634089165168	56.2826951613149
good	Bigram(@_wishes)	0.56389799584362	56.2779046266746
happy	Bigram(@_Mother)	0	56.26555506540191
stainless	Bigram(@_steel)	38.4721297364856	56.2343113630551
loves	-Bigram(Argentina_@)	0	56.22084113278256
warm	Bigram(@_sunshine)	0	56.192209196542414
good	Bigram(@_feedback)	0	56.14505182342676
smiles	-Bigram(All_@)	0	56.11185525192015
best	-Bigram(second_@)	0.937137082290969	56.0917084208313
great	-Bigram(such_@)	7.8404519729277	56.088186479705
honored	-Bigram(feel_@)	0	56.04240018299301
great	Bigram(@_memories)	17.8544716128629	56.0411275212
best	Bigram(@_regards)	0.620211630940007	56.0283215506272
good	Bigram(@_knight)	1.04610055709671	55.9992785875431
brisk	Bigram(@_walk)	9.50919689462764	55.9726035971539
luck	-Bigram(gd_@)	9.35885775384694	55.954584720985
shine	-Bigram(light_@)	0	55.93794503661912
wonderful	Bigram(@_Mother)	0	55.93555340438658
nice	Bigram(@_quiet)	2.52293739065105	55.895873927934
award	Bigram(@_goes)	0.490065686952438	55.87490245545
right	-Bigram(Damn_@)	0	55.792120015133285
best	Bigram(@_birthday)	3.72782936869165	55.7625933138288
excellent	Bigram(@_job)	5.61956093093529	55.7617491144859
mighty	-Bigram(looking_@)	4.18949945705413	55.7180840135619
good	Bigram(@_Monday)	0	55.65608741544315
miracle	Bigram(@_worker)	1.81631569174384	55.6252387816703
bless	-Bigram(...God_@)	0	55.56090309657353
pleasure	-Bigram(absolute_@)	0	55.44953254390255
nice	Bigram(@_choice)	0.586728370382168	55.4318759114568
successful	-Bigram(Another_@)	0	55.41947100047094
good	-Bigram(bloody_@)	1.03124092184499	55.400302146021
good	Bigram(@_shape)	1.27740423130597	55.3535604155762
worth	-Bigram(Definitely_@)	0	55.31544916808821
pretty	-Bigram(Sounds_@)	0.736105156345864	55.280214235794
fave	Bigram(@_songs)	13.8188455432696	55.2604294927534
helping	Bigram(@_others)	0	55.22940890698186
top	Bigram(@_40)	9.65562977957573	55.2180078697634
won	Bigram(@_Best)	0	55.20919620157235
amazing	Bigram(@_weather)	5.23509310661058	55.1871107233912
beautiful	Bigram(@_spring)	1.50665023250258	55.1378995403668
fans	-Bigram(Filipino_@)	0	55.10850121820866
:-}	-Bigram(ThReE11FaN_@)	35.5992864414333	55.1057168845415
:-}	Bigram(@_ThReE11FaN)	35.5992864414333	55.1057168845415
nice	Bigram(@_view)	3.22217257205321	55.0872274686257
thank	Bigram(@_yoou)	0	55.07192621929994
cute	Bigram(@_lil)	7.05748623811834	55.0491154446389
delight	-Bigram(Turkish_@)	0	54.98966530606835
proud	-Bigram(Very_@)	1.64099243913533	54.9024797233214
pure	Bigram(@_genius)	14.5019668891042	54.8959844423692
pretty	Bigram(@_chill)	8.27096631451057	54.852585853673
soft	Bigram(@_serve)	9.92270243606015	54.8364571636759
genius	-Bigram(pure_@)	14.5019668891042	54.8103319042566
inspirational	Bigram(@_quotes)	0	54.76546956863078
productive	-Bigram(VERY_@)	0	54.75905876103079
intriguing	-Bigram(sounds_@)	3.95915766018522	54.7260912517376
work	-Bigram(volunteer_@)	2.24123773715392	54.7241262271525
great	Bigram(@_wknd)	2.5322467069015	54.7195800790251
lovely	Bigram(@_voice)	0.957401455396239	54.7122431752895
good	Bigram(@_dreams)	18.3622836771755	54.6767295248606
great	Bigram(@_resource)	0.684572632459781	54.6422894738976
wins	-Bigram(Twilight_@)	0	54.62480820030571
romantic	Bigram(@_comedy)	1.49791997317117	54.6197359578936
well	-Bigram(surprisingly_@)	1.21795583279074	54.4915621739994
glad	Bigram(@_Diversity)	2.09228006482415	54.4888332493423
fine	-Bigram(totally_@)	2.5344833579136	54.4509448822668
best	Bigram(@_kiss)	21.6546297140526	54.4322145707869
excited	-Bigram(SOO_@)	0	54.41603756382261
work	-Bigram(find_@)	0	54.41522059467278
perfect	Bigram(@_sunday)	0	54.40790292533563
sweet	Bigram(@_deal)	2.63900237309549	54.396176655245
happy	Bigram(@_times)	0.231650486055032	54.3881339223608
free	Bigram(@_wi-fi)	6.83477558238338	54.3125976825135
cool	-Bigram(Looks_@)	0.0824982684952415	54.3083493377962
entertaining	-Bigram(rather_@)	0.668476303206386	54.2891508563821
thank	-Bigram(Awww_@)	0.202109575684674	54.2204628564758
better	Bigram(@_knowing)	0.0976955105742046	54.2064862448917
good	Bigram(@_laughs)	2.25391979491691	54.1721299287227
lovely	Bigram(@_lunch)	3.66782218405743	54.1342564942065
gooood	-Bigram(sounds_@)	0.60017299614476	54.0641231687443
talented	-Bigram(extremely_@)	7.53617193011767	53.9421920696956
favorite	Bigram(@_girls)	1.87314046277375	53.8725934573037
award	-Bigram(MTV_@)	0.778780966726411	53.8687658768345
best	Bigram(@_fight)	4.7771157065032	53.8382911614487
pure	Bigram(@_amazingness)	0	53.8087827111739
best	Bigram(@_person)	1.36265697753808	53.7926143403011
happy	Bigram(@_cuz)	0	53.7841488789452
welcome	-Bigram(Very_@)	0.282829479102172	53.7202633920874
love	-Bigram(effing_@)	0	53.68762293374315
pretty	Bigram(@_lucky)	0.310154817868955	53.6724943838067
win	-Bigram(could_@)	0	53.6461213737101
enjoy	-Bigram(might_@)	0.362407887559215	53.6422278397946
love	Bigram(@_yah)	1.54195884451414	53.6019042732441
talent	-Bigram(billy_@)	10.0425150109756	53.5595654746789
happy	Bigram(@_25th)	0	53.50206939735582
awesome	-Bigram(r_@)	3.31195265902791	53.4831202554809
nice	Bigram(@_background)	1.48625699027674	53.4580102207743
favorite	-Bigram(personal_@)	0.4020201763141	53.3608025248665
thank	-Bigram(awwww_@)	0.286753807736647	53.1549694125188
super	Bigram(@_easy)	0.892767931794566	53.1202032638002
hooray	-Bigram(hip_@)	32.6812247511246	53.1182442495028
perfect	Bigram(@_example)	6.85978302789675	53.1092436463598
beautiful	Bigram(@_sunset)	5.4639090818306	53.0913865835244
better	-Bigram(wayyy_@)	0.347095433139066	53.0890300354611
easy	-Bigram(super_@)	0.891488473189095	53.042764606692
good	-Bigram(heaps_@)	0	53.019328912542754
sparkling	Bigram(@_wine)	1.46022054838318	52.9380625305609
interesting	Bigram(@_conversation)	0.613186609069439	52.9298422970495
refreshing	Bigram(@_bath)	0	52.92193028482876
positive	Bigram(@_outlook)	9.71419974092627	52.8797785692442
fancy	Bigram(@_dress)	39.6573976185348	52.8399168365696
good	Bigram(@_mornin')	0.30379610003645	52.817929123303
loved	-Bigram(totally_@)	0.600209640737475	52.8174088443467
great	-Bigram(works_@)	20.2305828117241	52.8111203939656
strong	Bigram(@_coffee)	22.2850548954767	52.8060198954927
breathtakingly	Bigram(@_beautiful)	0	52.80222603839124
peach	Bigram(@_tea)	0.903722081246878	52.7899572559652
saver	-Bigram(screen_@)	5.83719803721186	52.7891769167783
better	Bigram(@_person)	0.574583077775141	52.7598980783386
beautiful	-Bigram(breathtakingly_@)	0	52.72868222816449
fav	Bigram(@_celebs)	0	52.707643753825074
merry	Bigram(@_christmas)	0	52.67102363342564
right	-Bigram(question_@)	0.76183687588404	52.6065187641052
heavenly	-Bigram(sounds_@)	3.66437142251874	52.585809401686
happy	Bigram(@_star)	0	52.536941442102865
love	Bigram(@_lazy)	0.0522097738492806	52.5093742254095
lovely	Bigram(@_meal)	0.414280781254609	52.4255554281365
pretty	-Bigram(seems_@)	19.4930239926963	52.185469927287
recommendations	-Bigram(followfriday_@)	0	52.101027817745184
smiling	-Bigram(Still_@)	0.491440534616746	51.9469257310819
good	Bigram(@_quality)	10.0149881689906	51.9030787884883
sweet	Bigram(@_pea)	8.0547459817838	51.8953943287601
lovely	Bigram(@_friends)	0.663398057620903	51.8807438178459
loves	-Bigram(everybody_@)	6.52216044066942	51.8531361289822
excited	-Bigram(extremely_@)	5.15052580784405	51.8487968449599
pleasure	-Bigram(Our_@)	0	51.78395571464061
hug	-Bigram(virtual_@)	11.5796648272288	51.7827103338109
great	Bigram(@_conversation)	0.209685773763781	51.7503483282441
stunning	-Bigram(look_@)	2.14614114285693	51.7359724992459
cool	Bigram(@_pic)	0.0197914064607573	51.6781444983803
enjoyable	-Bigram(quite_@)	0	51.6442648414218
nice	Bigram(@_conversation)	0	51.553237818174956
goood	-Bigram(soooo_@)	5.2127313505718	51.4876458064695
wise	Bigram(@_decision)	1.14375464487986	51.4732056843463
cute	Bigram(@_dog)	7.70052612142468	51.4296920601764
gifted	Bigram(@_writer)	0	51.42824683481738
best	Bigram(@_buds)	2.20367174710096	51.3626868023565
pretty	Bigram(@_hilarious)	1.0622967397056	51.3005188907088
great	Bigram(@_event)	2.51735102177057	51.1836455283886
beautiful	Bigram(@_women)	8.75385817734553	51.1808880620786
favorite	Bigram(@_episode)	0	51.1568278027065
decent	-Bigram(half_@)	23.634103109794	51.0979981142726
love	Bigram(@_music)	1.98098676582052	51.0463743077467
entertaining	-Bigram(Very_@)	0.693997097500314	50.9946398399514
welcome	-Bigram(u're_@)	0	50.95801789836898
refreshed	-Bigram(feeling_@)	0	50.893042749985675
work	-Bigram(Finished_@)	3.71718046092328	50.8537081216918
proud	-Bigram(quite_@)	3.27693485641537	50.8291836218682
great	Bigram(@_deals)	0	50.77462503266467
great	Bigram(@_book)	5.71817431144513	50.6907803879753
beautiful	Bigram(@_girlfriend)	1.40733049454744	50.6492409169525
boom	-Bigram(cherry_@)	0	50.63040718065485
charm	Bigram(@_school)	22.0097099742205	50.6204589369471
progress	-Bigram(Making_@)	0	50.593670375097666
love	Bigram(@_shopping)	1.10144973831842	50.5649423593363
smiles	-Bigram(Sending_@)	0	50.56260700001938
good	Bigram(@_place)	47.5380613163406	50.55962661404
love	-Bigram(....i_@)	3.97734078371237	50.5438050681075
recommend	-Bigram(FF_@)	0	50.50389989828335
clear	Bigram(@_skies)	19.7142745714957	50.4990082896555
correct	Bigram(@_answer)	17.9616138112553	50.4449870912837
well	Bigram(@_oiled)	0	50.41276456038805
work	Bigram(@_together)	6.1561334133581	50.3778843552916
glorious	Bigram(@_weather)	29.5364454070716	50.3392467731732
available	-Bigram(becomes_@)	0	50.32508901383576
merry	Bigram(@_unbirthday)	0	50.30300625163062
well	Bigram(@_earned)	3.81553120076083	50.2769254319452
easy	-Bigram(quite_@)	0.999074831847312	50.2183666744483
happy	Bigram(@_mommy)	0.108141265897423	50.2176883133423
appreciate	-Bigram(Would_@)	0	50.20378233992893
fine	Bigram(@_dining)	0	50.19321876214317
perfectly	Bigram(@_acceptable)	1.8832843102401	50.1252468325496
beautiful	Bigram(@_person)	1.35164899112171	50.1129481478842
trendy	Bigram(@_topics)	1.87332729629146	50.0851450871813
good	Bigram(@_life)	1.35652496201622	50.0205718403606
great	Bigram(@_friend)	11.9397006596475	50.0104090417762
spirited	Bigram(@_away)	0	49.986243448211575
awesome	-Bigram(Its_@)	0.438715177741194	49.8664678614122
fresh	Bigram(@_fruits)	0	49.844634793953205
happy	-Bigram(soooooo_@)	0	49.78204001049174
good	Bigram(@_nap)	12.5028359924455	49.7351455741814
amazing	-Bigram(soo_@)	8.84613674574193	49.6632226927552
fans	-Bigram(mcfly_@)	5.05447758448075	49.5332498790157
enjoy	Bigram(@_seeing)	1.73024717640132	49.4841701958975
enjoyable	-Bigram(most_@)	0.628849249424927	49.4411688069382
fantastic	Bigram(@_job)	0	49.43062093032665
awesomeness	-Bigram(Pure_@)	2.13949527002175	49.3899277230451
brave	-Bigram(Very_@)	0	49.35952502610339
♥	-Bigram(﻿_@)	0	49.35284876540692
healthy	Bigram(@_snacks)	0	49.30432016097865
excited	-Bigram(Too_@)	0.0570735264820325	49.3009731005143
entertaining	-Bigram(most_@)	0.489410849846136	49.2668365071046
masters	Bigram(@_degree)	0	49.19559706930762
best	Bigram(@_mates)	8.2075374992569	49.1739220610817
nice	-Bigram(sooo_@)	41.1192099906377	49.1373348484882
beautiful	Bigram(@_smile)	2.57643496896354	49.096271828763
hot	Bigram(@_yoga)	3.37331504662202	49.0623088177796
lucky	Bigram(@_lady)	7.3986894447656	49.0036992444874
fans	-Bigram(McFly_@)	2.75835170768368	48.8690729969223
lover	-Bigram(mother_@)	0	48.868123707798944
happy	-Bigram(Always_@)	0.210853292730088	48.8362110993267
happier	-Bigram(feel_@)	0	48.78849576269264
awesome	Bigram(@_!.)	0	48.77464650413587
goood	-Bigram(soo_@)	0.54939537554902	48.7737867892769
loyal	Bigram(@_fans)	1.19080283775008	48.7472808247637
fans	-Bigram(loyal_@)	1.18983409664076	48.7363696838326
pep	Bigram(@_rally)	2.58601620490439	48.6771806135604
exciting	-Bigram(Sounds_@)	0	48.65982779686643
happy	Bigram(@_mommys)	0	48.65178786823096
cute	-Bigram(darn_@)	3.38664822135738	48.5961220719074
right	-Bigram(bottom_@)	0.594764362608225	48.5859167326805
fun	-Bigram(mad_@)	0.584162363779579	48.5200317791283
top	Bigram(@_left)	0	48.517726115335336
beautiful	Bigram(@_rainbow)	2.51257858532058	48.3739725689523
intelligence	-Bigram(artificial_@)	0	48.34677616189154
fast	Bigram(@_lane)	0.947430409575826	48.2860853100891
winning	Bigram(@_combination)	0	48.28278963365163
nice	Bigram(@_dreams)	1.01244029625507	48.2813012597472
cool	-Bigram(Sounds_@)	2.00645798638274	48.2397647914961
liking	-Bigram(Really_@)	6.84487071130406	48.2314433635117
love	Bigram(@_itt)	0	48.21049010830178
fair	-Bigram(craft_@)	25.341066425737	48.1776002745036
love	Bigram(@_talking)	0.255806784706938	48.1711229395653
lucky	Bigram(@_stars)	0.536830128595186	48.1359366833038
better	-Bigram(waaay_@)	3.92405534044923	48.1279153447781
recommendation	-Bigram(followfriday_@)	0	48.096868825363835
constructive	Bigram(@_criticism)	0	48.092109469132
delicious	-Bigram(look_@)	0.212630276134811	48.071123700481
worth	Bigram(@_staying)	0	47.97903773770101
fav	Bigram(@_color)	2.83229630781756	47.9726045387573
pretty	-Bigram(Its_@)	15.8349554368354	47.8753218913634
good	Bigram(@_eve)	0	47.871724886429476
clean	Bigram(@_room)	30.891474766128	47.8626404179428
great	Bigram(@_feeling)	0.858200863457843	47.7622020933535
proud	-Bigram(soooo_@)	0	47.730538219007535
free	Bigram(@_lunch)	15.5261942382185	47.7219325465949
amazing	-Bigram(beyond_@)	1.61926929086269	47.6970865162221
amusing	-Bigram(rather_@)	0	47.65898727191017
recovery	-Bigram(Speedy_@)	2.52474383740481	47.6283576577538
work	-Bigram(gonna_@)	15.0897005079541	47.6117152908452
nice	Bigram(@_shot)	0.512259179870074	47.6049562795347
sweet	Bigram(@_heart)	4.74083121601061	47.5707368186494
happy	Bigram(@_cause)	0	47.55058605341082
awards	-Bigram(Choice_@)	1.22233057115928	47.4123917070648
nice	Bigram(@_touch)	0.0769900559699676	47.3889425868105
clears	-Bigram(rain_@)	0	47.32172311842014
ready	-Bigram(...getting_@)	30.3987926611779	47.3163742585714
thank	-Bigram(Oh_@)	1.66899044124442	47.2909723416216
best	Bigram(@_weekends)	2.04974466885175	47.2838949008621
love	Bigram(@_surprises)	0.33988765888426	47.2177656316778
great	Bigram(@_cause)	0	47.20715972702114
loves	-Bigram(Everybody_@)	0.861226976151739	47.2065876036152
amazing	Bigram(@_guy)	0.362577069877831	47.1828499688974
well	Bigram(@_received)	0.102149264845343	47.0583370041486
fresh	-Bigram(minty_@)	0	47.01565627127916
adorable	Bigram(@_little)	4.07171894385258	46.9554422968563
incredibly	Bigram(@_talented)	0	46.941451917361384
talented	-Bigram(incredibly_@)	0	46.941451917361384
happy	Bigram(@_mood)	19.0759996539125	46.9314398478732
love	Bigram(@_miley)	1.7378554564904	46.9283661668514
nice	Bigram(@_name)	0.139705206565028	46.8974174806529
useful	Bigram(@_information)	0	46.81415650346335
happy	Bigram(@_Saturday)	0	46.73292256611372
sexy	Bigram(@_men)	0	46.720229937194716
interests	-Bigram(common_@)	0	46.71779356088183
nicely	-Bigram(ask_@)	0	46.65285273310129
sexy	Bigram(@_sexy)	8.77115946497029	46.6342493178872
goodness	-Bigram(...thank_@)	6.00482414092014	46.5971134648379
perfect	Bigram(@_weekend)	6.39787316075929	46.5875915391982
fresh	-Bigram(***_@)	0	46.58425131105474
sexy	-Bigram(sexy_@)	8.75974907803015	46.5831079495096
awesome	-Bigram(wicked_@)	5.87866647748574	46.5447381125066
happy	-Bigram(die_@)	0.342064381563418	46.4743996860977
golden	Bigram(@_corral)	0	46.40647280630765
goodness	-Bigram(Oh_@)	30.2334993570668	46.3988536245053
well	-Bigram(As_@)	2.39191427881873	46.3968430188516
love	-Bigram(followfriday_@)	0.385502900827122	46.3768185788566
love	Bigram(@_Fridays)	4.54316530787309	46.3740316310399
happy	Bigram(@_birthdayy)	1.07804643002409	46.3611371096496
incredible	-Bigram(absolutely_@)	0.829497916205681	46.3576590960805
pretty	Bigram(@_bomb)	1.57655627033421	46.3391622944218
works	-Bigram(phone_@)	0	46.337021324688344
cool	-Bigram(sooooo_@)	2.00283058930812	46.3225070994368
nicely	-Bigram(asked_@)	0	46.23360714699662
great	-Bigram(Feels_@)	3.50981874774919	46.2268408319005
hot	-Bigram(smoking_@)	0	46.22677099841879
heaven	-Bigram(rhythm_@)	0	46.181565378228015
amazing	-Bigram(An_@)	9.08049306826039	46.0625715527044
easier	-Bigram(gets_@)	40.4021278640795	46.01385760736
interesting	-Bigram(An_@)	5.20708675889779	45.9794928542696
positive	-Bigram(Think_@)	2.62005568039481	45.9746350257011
happy	-Bigram(Be_@)	9.95920906572575	45.950520887994
right	Bigram(@_place)	2.83187220585026	45.9438256252931
eagerly	Bigram(@_anticipating)	0	45.881212686633376
great	Bigram(@_tune)	0	45.853789918060365
fun	-Bigram(b_@)	19.0288167811934	45.8444358915625
golden	Bigram(@_girls)	42.5169382386017	45.8375432505794
lovely	-Bigram(look_@)	0.299027880019298	45.8373010711797
right	Bigram(@_corner)	0.70683609448741	45.8179401799441
fine	Bigram(@_art)	1.47420825570617	45.7712406243712
cool	Bigram(@_place)	1.30896724713124	45.6777786035317
safe	-Bigram(feel_@)	0	45.630305512841964
love	-Bigram(fuckin_@)	0.448817805332921	45.5087586483834
amazing	-Bigram(bloody_@)	0	45.502940683255254
work	-Bigram(freelance_@)	11.2152942700186	45.4884275239196
right	-Bigram(Be_@)	0.423462975909004	45.4488097968108
successfully	Bigram(@_completed)	1.74628402723644	45.448155281849
thank	Bigram(@_youuuuu)	7.220394227839	45.403481344065
love	Bigram(@_taylor)	0	45.399622192633196
great	Bigram(@_race)	1.56275199713309	45.3741208749629
wonderful	Bigram(@_friends)	5.66949431133712	45.3541071937935
positive	-Bigram(Be_@)	0.713201163818338	45.339546758443
grand	Bigram(@_ol)	0	45.2966191715855
praise	-Bigram(high_@)	3.829400414839	45.2641540646628
thank	-Bigram(awe_@)	0.456465477493132	45.2476685596022
good	Bigram(@_grades)	29.5879056904391	45.1596823794038
fine	Bigram(@_arts)	3.51912697016061	45.1572984725788
favorite	Bigram(@_boy)	0.86563352457217	45.1475333206499
perfect	-Bigram(absolutely_@)	6.43835027289104	45.1445107637606
free	Bigram(@_ticket)	31.7359321432629	45.1442828185182
^^	Bigram(@_^)	0	45.08094225672443
won	Bigram(@_best)	8.89339198494548	45.0665737299169
golden	Bigram(@_brown)	4.56725163512036	45.060736718091
adorable	-Bigram(look_@)	0	45.04869044823012
smart	-Bigram(feel_@)	0	44.958076690959864
pretty	Bigram(@_pleased)	0	44.954284780535744
pep	Bigram(@_talk)	25.4322383793504	44.8717269275725
awards	-Bigram(comet_@)	0	44.79559313329987
fresh	-Bigram(eat_@)	0	44.78329084854177
best	-Bigram(won_@)	8.85550638911738	44.7766605884311
breeze	-Bigram(light_@)	1.05369878871109	44.6410589620793
clever	-Bigram(Very_@)	0	44.494461577278486
good	Bigram(@_tip)	2.42936149665011	44.4891042710082
fantastic	-Bigram(look_@)	0	44.47551845457297
wonderful	Bigram(@_sunday)	0.278531135511689	44.4730337562239
bright	Bigram(@_spot)	0	44.443673199044525
gratefully	Bigram(@_received)	2.63443116234402	44.4060730249546
excited	-Bigram(Sooooo_@)	0.676207346999439	44.3677246394648
saint	-Bigram(patron_@)	0	44.3374931681441
honest	Bigram(@_opinion)	0	44.33652531012085
well	Bigram(@_...i)	18.4427909922338	44.3101216306632
favorite	Bigram(@_line)	0	44.29746160623827
good	-Bigram(body_@)	0	44.25385885299685
amazing	Bigram(@_woman)	4.58627271997956	44.2498628335495
impressed	-Bigram(Very_@)	8.09120407576432	44.2492782608003
beautiful	-Bigram(sooo_@)	0.427036548545417	44.2458400132747
warm	-Bigram(With_@)	0	44.19138897638446
beloved	Bigram(@_family)	0	44.17881226833082
love	Bigram(@_unconditionally)	0	44.140326738867856
well	-Bigram(amazingly_@)	3.08956354701049	44.1362326234161
great	Bigram(@_songs)	2.49221298265663	44.1347386559102
free	Bigram(@_booze)	5.59853401206553	44.1230943391344
enjoyed	-Bigram(quite_@)	0.357804080428281	44.0796025281407
cozy	Bigram(@_bed)	11.0768718761352	44.0506616998594
adorable	-Bigram(freaking_@)	0.687629583406155	44.0465556179075
loving	Bigram(@_summer)	0.719742149429995	44.0248865567473
humble	Bigram(@_abode)	0	44.00840857366631
great	Bigram(@_tool)	1.4093482332544	44.0071392622364
works	-Bigram(Whatever_@)	0	44.00070059484575
love	Bigram(@_ittt)	0.461298833426231	43.9888458071662
cute	-Bigram(Soooo_@)	0	43.98162305059427
best	Bigram(@_city)	0.0520324482316768	43.9515929307124
clear	-Bigram(steer_@)	30.4725619610404	43.9446634700026
perfect	-Bigram(most_@)	27.6220884690459	43.9163893680652
responsibly	-Bigram(Tweet_@)	0	43.90168288350456
well	-Bigram(working_@)	0	43.88684106440443
warm	Bigram(@_fuzzy)	0	43.880194662275386
smiling	Bigram(@_faces)	1.38044888060461	43.8196871350948
great	Bigram(@_dancer)	0.545870320148856	43.8183940321957
promised	-Bigram(As_@)	0.854483060565053	43.8175556024288
love	Bigram(@_animals)	1.73174169746876	43.7612269863837
pretty	-Bigram(soo_@)	5.35929147769066	43.735530558992
amazingly	Bigram(@_hott)	0	43.7066643623659
happy	Bigram(@_21st)	0.33795280405311	43.6693681457163
happy	-Bigram(feeling_@)	0	43.65743214481565
cute	-Bigram(ang_@)	0.536816816622334	43.6176370739067
welcome	Bigram(@_sweetie)	0.542179794557198	43.5997230518639
passion	Bigram(@_fruit)	22.9530789382782	43.5048357686062
hottest	Bigram(@_guy)	3.12491148333791	43.4948721261137
gorgeous	-Bigram(looked_@)	6.73007782258441	43.4736059071114
awesome	Bigram(@_dude)	1.14969241077348	43.4715869679134
great	-Bigram(sound_@)	6.17433052163296	43.4462460643879
cool	-Bigram(Ah_@)	0.653147340033111	43.4281271532328
work	-Bigram(could_@)	0	43.39500697608851
beautiful	-Bigram(soo_@)	1.36261276267721	43.3740689621252
perfectly	Bigram(@_normal)	0.972836843000189	43.3295855056442
important	-Bigram(Very_@)	0.443402361932443	43.3189415296213
beautifully	Bigram(@_written)	0	43.31711732061774
amazing	-Bigram(quite_@)	0.499740977338224	43.2907318582534
better	-Bigram(loads_@)	5.53444927045639	43.2760858143317
useful	-Bigram(spouted_@)	0	43.20195829838291
amazing	Bigram(@_band)	2.07857374283029	43.1937593565031
good	-Bigram(hella_@)	1.62479978360938	43.193260340545
breakthrough	Bigram(@_performance)	7.17439023776933	43.1838449237469
congratulations	-Bigram(Many_@)	0	43.161079831791824
nice	Bigram(@_shower)	3.87941569915344	43.1526584171391
great	Bigram(@_story)	0.251381685704783	43.1510897529606
excitedly	Bigram(@_*)	0	43.15011669161752
better	-Bigram(look_@)	13.3523278272848	43.1352833660363
best	Bigram(@_cure)	1.61383472184409	43.0928931561064
wonderful	Bigram(@_voice)	0	43.08674230270174
excited	-Bigram(totally_@)	4.86703468687095	43.0863193885331
talented	Bigram(@_singer)	0	43.07945547905742
flatter	Bigram(@_yourself)	0	43.04817680539864
great	Bigram(@_success)	9.72290901398187	43.0387799261387
pretty	Bigram(@_busy)	14.5199717541261	42.9323827870552
dedicated	Bigram(@_server)	1.40188678911403	42.9082033185517
cute	Bigram(@_name)	6.37670184079576	42.8904108273108
cool	Bigram(@_dude)	5.3866927839154	42.8536640749753
award	-Bigram(choice_@)	3.5761621563603	42.8149828449666
convenience	Bigram(@_store)	0	42.781761691953434
faster	-Bigram(run_@)	13.8031075192577	42.7521722879604
cool	-Bigram(SO_@)	0.824134472560068	42.7344147061376
wonderful	Bigram(@_person)	4.63377243925583	42.6394553174831
better	Bigram(@_idea)	0.395398185571832	42.6204841922579
right	Bigram(@_behind)	30.4486536445905	42.6048449840812
free	Bigram(@_dl)	0	42.59701148909717
fun	-Bigram(lotta_@)	2.3547227791804	42.5927348881092
yay	-Bigram(Aw_@)	1.21067592437934	42.5579975980123
awesome	Bigram(@_band)	0.677333288820173	42.5555804140291
happily	Bigram(@_married)	4.9734092917452	42.5363363472926
love	Bigram(@_working)	0	42.51513312252399
favored	-Bigram(highly_@)	0	42.48277720135774
bright	Bigram(@_eyed)	1.35575054504012	42.4184086384463
super	Bigram(@_powers)	32.81748630042	42.4131944782468
glad	-Bigram(Sooo_@)	0.447518793529416	42.4082503599847
delicious	Bigram(@_breakfast)	23.9841473926148	42.4057740973219
fun	-Bigram(mucho_@)	0.463787655559053	42.3948527253413
wonders	-Bigram(working_@)	0	42.384600337135375
free	-Bigram(spoiler_@)	0	42.38166787963774
love	Bigram(@_bein)	0.733386611735245	42.3790245115174
hot	Bigram(@_30)	4.20214600891738	42.3722460149261
hot	Bigram(@_bubble)	1.84002857734847	42.3448824947805
cool	Bigram(@_site)	0.378391503597597	42.25652522013
peace	Bigram(@_.love)	7.27427307109407	42.1331257593888
luck	-Bigram(goood_@)	15.4635204454781	42.0922853296231
beautiful	Bigram(@_ladies)	0.359836459441474	42.0805614677432
goood	Bigram(@_luck)	15.4655973448852	42.0774582453816
warm	Bigram(@_wishes)	1.75259260123145	42.0756089781854
cool	-Bigram(quite_@)	3.25524213816128	42.0533209509808
faster	-Bigram(lot_@)	5.61431508739325	42.0214374525674
comfortable	-Bigram(most_@)	12.0516260409311	41.9786158317986
great	-Bigram(looking_@)	0	41.97545979448712
woo	Bigram(@_woo!)	5.28258350233448	41.9187618400966
happy	Bigram(@_dance*)	0	41.9052164500237
good	Bigram(@_timing)	4.42633487420518	41.8907675526256
won	Bigram(@_BGT.)	10.7537409522389	41.8342856199627
fans	-Bigram(laker_@)	13.1617901924256	41.814661125386
nice	Bigram(@_bike)	0.38532035481284	41.8109965156338
angel	-Bigram(guardian_@)	2.44074210911899	41.7929907790805
pretty	Bigram(@_swell)	0	41.7674244294861
improvement	-Bigram(vast_@)	0	41.733803776166134
survival	Bigram(@_guide)	14.8186752881851	41.6978827299129
hot	Bigram(@_toddy)	0	41.69497124746823
sweet	-Bigram(very_@)	4.2998260028396	41.6902706449643
cute	-Bigram(soooooo_@)	0.428493592284871	41.6530879845818
worth	-Bigram(sooo_@)	1.97679050851916	41.630270604951
love	Bigram(@_stacey)	0	41.62791730287104
great	Bigram(@_opportunity)	5.29823852929531	41.624516362345
entertain	-Bigram(someone_@)	0	41.584300266333365
amazing	Bigram(@_talent)	1.74012598399093	41.5061293454105
nice	Bigram(@_photo)	0.484238662494013	41.4800257950742
comfortable	-Bigram(feel_@)	0	41.46001246513928
great	Bigram(@_performance)	5.98773884718604	41.4212134039664
amazing	Bigram(@_experience)	1.2560889346623	41.4108563113573
good	-Bigram(Whats_@)	2.40376604678872	41.3849782736669
loved	-Bigram('ve_@)	28.680459306164	41.3847320944646
pretty	Bigram(@_big)	13.2026772778061	41.2927269961238
excited	-Bigram(Pretty_@)	3.32733959446295	41.2655285032673
love	Bigram(@_rain)	0.572934296711365	41.2526323130726
enjoyed	-Bigram(Thoroughly_@)	6.93130334857046	41.2160707045241
lovely	-Bigram(Sounds_@)	3.33328218924139	41.1799902591555
strong	-Bigram(Be_@)	14.2775061379198	41.1757429970248
danke	Bigram(@_und)	0	41.16982389355525
approval	-Bigram(pending_@)	0	41.167742583045
pretty	-Bigram(seem_@)	4.65461297534934	41.1636562828367
great	Bigram(@_convo)	0	41.11239484123471
nice	Bigram(@_cuppa)	15.4347569973094	41.1104956057828
lucky	Bigram(@_woman)	3.6517093970815	41.10942157588
happy	Bigram(@_weekend)	0	41.08969353531509
well	Bigram(@_known)	4.17625060238903	41.0858563230389
appreciated	-Bigram(highly_@)	0	41.070974368228015
yay	-Bigram(awww_@)	0.137866298847205	41.0508189129673
lovely	Bigram(@_place)	0.570766359267235	41.042624398001
loves	-Bigram(Everyone_@)	14.8046805424611	41.0422454354688
sweet	-Bigram(goodnight_@)	0	40.98345379659404
appeal	-Bigram(sex_@)	5.92523844758242	40.96673933138
master	Bigram(@_cleanse)	0	40.9565745993708
best	Bigram(@_comedy)	0	40.94849840065288
amazing	Bigram(@_artist)	0	40.928115040677454
good	-Bigram(Well_@)	2.71823130895228	40.9010659039262
hot	Bigram(@_pockets)	20.0534543923121	40.8946080688567
brilliant	-Bigram(Bloody_@)	1.28206259128183	40.8655083335999
fave	Bigram(@_band)	17.2880879898348	40.863305580025
fine	-Bigram(thats_@)	25.0159690882523	40.8546035829137
pleasant	Bigram(@_evening)	3.21573036115065	40.842691758114
positive	Bigram(@_way)	0.131421285560004	40.823812471115
favorite	Bigram(@_meal)	0	40.78759733214541
good	Bigram(@_ideas)	13.4050361994181	40.7654481779149
safely	Bigram(@_say)	14.196156632045	40.7515830305833
awesome	Bigram(@_music)	2.21280918475402	40.7295983772983
hot	Bigram(@_cocoa)	21.7090845945899	40.7276326355991
excellent	-Bigram(An_@)	1.1143470602551	40.6852503928181
bright	Bigram(@_pink)	19.1471970829457	40.6542731005738
luck	-Bigram(..good_@)	8.33077286867639	40.5641315717466
happy	Bigram(@_hump)	0.722046816704722	40.5575000565012
lovely	Bigram(@_compliment)	0	40.497258581085454
awesome	-Bigram(youre_@)	0	40.46106685972427
mighty	Bigram(@_tasty)	0	40.431710554781574
capable	Bigram(@_hands)	0	40.41339383283639
protect	Bigram(@_us)	0	40.40501563373027
awesome	-Bigram(frickin_@)	2.79928020621069	40.3425436523518
right	Bigram(@_way)	2.09947242410918	40.308297045258
excited	-Bigram(overly_@)	16.6906143288245	40.2733111076015
nice	-Bigram(Really_@)	2.48335908164397	40.1964470866711
happy	-Bigram(advance_@)	0	40.178166260033095
pride	-Bigram(take_@)	0	40.176990378289574
perfectly	-Bigram(working_@)	0	40.17158014108188
nice	Bigram(@_quote)	0	40.160598573740295
gladly	-Bigram('d_@)	3.10205173501698	40.145035594361
gorgeous	-Bigram(most_@)	20.0652490460527	40.1082471829599
welcome	-Bigram(certainly_@)	0	40.07096406451347
luck	-Bigram(Gd_@)	0	40.048893801092724
joy	-Bigram(brings_@)	0	40.044967128856754
lovely	Bigram(@_lovely)	1.97881326169221	40.0084833075389
